INSERT INTO tbl_attendee_types(
    a_type_id,
    attendee_type
) VALUES
      (1,'Intern'),
      (2,'Fresher'),
      (3,'Online fee-fresher'),
      (4,'Offline fee-fresher');

INSERT INTO  tbl_attendee(
    accepted,
    planned,
    actual,
    a_type_id
) VALUES
      (10,9,8,1),
      (10,9,8,1),
      (10,9,8,2),
      (10,9,8,2),
      (10,9,8,3),
      (10,9,8,3),
      (10,9,8,4),
      (10,9,8,4),
      (10,9,8,1),
      (10,9,8,1),
      (10,9,8,1),
      (10,9,8,1),
      (10,9,8,2),
      (10,9,8,2),
      (10,9,8,3),
      (10,9,8,3),
      (10,9,8,4),
      (10,9,8,4),
      (10,9,8,1),
      (10,9,8,1),
      (10,9,8,1),
      (10,9,8,1),
      (10,9,8,2),
      (10,9,8,2),
      (10,9,8,3),
      (10,9,8,3),
      (10,9,8,4),
      (10,9,8,4),
      (10,9,8,1),
      (10,9,8,1),
      (10,9,8,1),
      (10,9,8,1),
      (10,9,8,2),
      (10,9,8,2),
      (10,9,8,3),
      (10,9,8,3),
      (10,9,8,4),
      (10,9,8,4),
      (10,9,8,1),
      (10,9,8,1),
      (10,9,8,1),
      (10,9,8,1),
      (10,9,8,2),
      (10,9,8,2),
      (10,9,8,3),
      (10,9,8,3),
      (10,9,8,4),
      (10,9,8,4),
      (10,9,8,1),
      (10,9,8,1);

INSERT INTO tbl_user_permission
(role, class, learning_material, syllabus, user_management, training_program)
VALUES
    ('SUPER_ADMIN', 'FULL_ACCESS', 'FULL_ACCESS', 'FULL_ACCESS', 'FULL_ACCESS', 'FULL_ACCESS'),
    ('ADMIN', 'FULL_ACCESS', 'FULL_ACCESS', 'FULL_ACCESS', 'VIEW', 'FULL_ACCESS'),
    ('TRAINER', 'VIEW', 'MODIFY', 'VIEW', 'VIEW', 'VIEW');

INSERT INTO tbl_user (
    create_by,
    create_date,
    dob,
    email,
    password,
    gender,
    modified_by,
    modified_date,
    name,
    phone,
    status,
    role
) VALUES
      ('Admin User', '2023-10-04', '1990-01-15', 'admin@example.com', 'AnBaToCom@123', 'Male', 'Admin User', '2023-10-04', 'Admin User', '0000000001', true, 1),
      ('Admin User', '2023-10-04', '1985-05-20', 'instructor@example.com', 'AnBaToCom@123', 'Female', 'Admin User', '2023-10-04', 'Admin', '0000000002', true, 2),
      ('Admin User', '2023-10-04', '1998-09-03', 'trainer@example.com', 'AnBaToCom@123', 'Male', 'Admin User', '2023-10-04', 'Trainer', '0000000003', true, 3),
      ('Admin User', '2023-10-04', '1995-02-28', 'user51@example.com', 'AnBaToCom@123', 'Female', 'Admin User', '2023-10-04', '翔太', '0000000004', true, 3),
      ('Admin User', '2023-10-04', '1992-11-10', 'user52@example.com', 'AnBaToCom@123', 'Male', 'Admin User', '2023-10-04', '大輔', '0000000005', true, 3),
      ('Admin User', '2023-10-04', '1994-04-05', 'user53@example.com', 'AnBaToCom@123', 'Female', 'Admin User', '2023-10-04', '一郎', '0000000006', true, 3),
      ('Admin User', '2023-10-04', '1991-07-20', 'user54@example.com', 'AnBaToCom@123', 'Male', 'Admin User', '2023-10-04', '愛子', '0000000007', true, 2),
      ('Admin User', '2023-10-04', '1993-03-15', 'user55@example.com', 'AnBaToCom@123', 'Female', 'Admin User', '2023-10-04', '結衣', '0000000008', true, 2),
      ('Admin User', '2023-10-04', '1997-08-25', 'user516@example.com', 'AnBaToCom@123', 'Male', 'Admin User', '2023-10-04', '結衣', '0000000009', true, 3),
      ('Test User', '2023-10-04', '1996-06-30', 'test@example.com', '$2a$10$n7nBnHiYNS8AcaMyKcQd4OSgTjCVX3o/lc2IKWgQygtMf65QT3MUG', 'Female', 'Tester', '2023-10-04', '智也', '0000000010', true, 3),
      ('Admin User', '2023-10-31', '1990-05-15', 'user1@example.com', 'password1', 'Male', 'admin', '2023-10-31', 'Anna Müller', '0000000011', true, 3),
      ('Admin User', '2023-10-31', '1985-08-22', 'user2@example.com', 'password2', 'Female', 'admin', '2023-10-31', 'Daniel Schäfer', '0000000012', true, 3),
      ('Admin User', '2023-10-31', '1992-03-10', 'user3@example.com', 'password3', 'Male', 'admin', '2023-10-31', 'Andrea Krüger', '0000000013', true, 3),
      ('Admin User', '2023-10-31', '1988-12-05', 'user4@example.com', 'password4', 'Female', 'admin', '2023-10-31', 'Αθηνά', '0000000014', true, 2),
      ('Admin User', '2023-10-31', '1995-07-18', 'user5@example.com', 'password5', 'Male', 'admin', '2023-10-31', 'Περσεφόνη', '0000000015', true, 3),
      ('Admin User', '2023-10-31', '1983-09-27', 'user6@example.com', 'password6', 'Female', 'admin', '2023-10-31', 'Όδυσσειας', '0000000016', true, 3),
      ('Admin User', '2023-10-31', '1991-11-12', 'user7@example.com', 'password7', 'Male', 'admin', '2023-10-31', 'Παρθενών', '0000000017', true, 3),
      ('Admin User', '2023-10-31', '1987-04-09', 'user8@example.com', 'password8', 'Female', 'admin', '2023-10-31', 'Αρτεμίς', '0000000018', true, 2),
      ('Admin User', '2023-10-31', '1993-02-28', 'user9@example.com', 'password9', 'Male', 'admin', '2023-10-31', 'Διόνυσος', '0000000019', true, 3),
      ('Admin User', '2023-10-31', '1986-06-14', 'user10@example.com', 'password10', 'Female', 'admin', '2023-10-31', 'Ήφαιστος', '0000000020', true, 3),
      ('Admin User', '2023-10-31', '1994-08-03', 'user11@example.com', 'password11', 'Male', 'admin', '2023-10-31', 'Αφροδίτη', '0000000021', true, 3),
      ('Admin User', '2023-10-31', '1989-01-25', 'user12@example.com', 'password12', 'Female', 'admin', '2023-10-31', 'Daniel Evans', '0000000022', true, 3),
      ('Admin User', '2023-10-31', '1996-12-08', 'user13@example.com', 'password13', 'Male', 'admin', '2023-10-31', 'Emma Allen', '0000000023', true, 2),
      ('Admin User', '2023-10-31', '1984-03-17', 'user14@example.com', 'password14', 'Female', 'admin', '2023-10-31', 'William Turner', '0000000024', true, 3),
      ('Admin User', '2023-10-31', '1990-09-30', 'user15@example.com', 'password15', 'Male', 'admin', '2023-10-31', 'Αχιλλέας', '0000000025', true, 3),
      ('Admin User', '2023-10-31', '1985-05-22', 'user16@example.com', 'password16', 'Female', 'admin', '2023-10-31', 'Ήρακλής', '0000000026', true, 3),
      ('Admin User', '2023-10-31', '1992-07-11', 'user17@example.com', 'password17', 'Male', 'admin', '2023-10-31', 'Sophia Cooper', '0000000027', true, 2),
      ('Admin User', '2023-10-31', '1988-11-04', 'user18@example.com', 'password18', 'Female', 'admin', '2023-10-31', 'Christopher Lopez', '0000000028', true, 3),
      ('Admin User', '2023-10-31', '1995-01-19', 'user19@example.com', 'password19', 'Male', 'admin', '2023-10-31', 'Ava Young', '0000000029', true, 3),
      ('Admin User', '2023-10-31', '1983-12-12', 'user20@example.com', 'password20', 'Female', 'admin', '2023-10-31', 'Benjamin Adams', '0000000030', true, 3),
      ('Admin User', '2023-10-31', '1991-06-06', 'user21@example.com', 'password21', 'Male', 'admin', '2023-10-31', 'Madison Wright', '0000000031', true, 3),
      ('Admin User', '2023-10-31', '1987-02-14', 'user22@example.com', 'password22', 'Female', 'admin', '2023-10-31', 'John Harris', '0000000032', true, 3),
      ('Admin User', '2023-10-31', '1993-04-23', 'user23@example.com', 'password23', 'Male', 'admin', '2023-10-31', 'Amelia Nelson', '0000000033', true, 3),
      ('Admin User', '2023-10-31', '1986-08-01', 'user24@example.com', 'password24', 'Female', 'admin', '2023-10-31', 'Daniel Baker', '0000000034', true, 3),
      ('Admin User', '2023-10-31', '1994-10-05', 'user25@example.com', 'password25', 'Male', 'admin', '2023-10-31', 'Emma Turner', '0000000035', true, 3),
      ('Admin User', '2023-10-31', '1989-11-18', 'user26@example.com', 'password26', 'Female', 'admin', '2023-10-31', 'James Scott', '0000000036', false, 3),
      ('Admin User', '2023-10-31', '1997-02-22', 'user27@example.com', 'password27', 'Male', 'admin', '2023-10-31', 'Olivia Moore', '0000000037', true, 3),
      ('Admin User', '2023-10-31', '1982-06-14', 'user28@example.com', 'password28', 'Female', 'admin', '2023-10-31', 'William King', '0000000038', true, 3),
      ('Admin User', '2023-10-31', '1996-08-30', 'user29@example.com', 'password29', 'Male', 'admin', '2023-10-31', 'Sophia Murphy', '0000000039', true, 3),
      ('Admin User', '2023-10-31', '1984-03-25', 'user30@example.com', 'password30', 'Female', 'admin', '2023-10-31', 'Noah Lewis', '0000000040', false, 3),
      ('Admin User', '2023-10-31', '1992-07-18', 'user31@example.com', 'password31', 'Male', 'admin', '2023-10-31', 'Liam Jackson', '0000000041', true, 3),
      ('Admin User', '2023-10-31', '1987-01-10', 'user32@example.com', 'password32', 'Female', 'admin', '2023-10-31', 'Ava Anderson', '0000000042', true, 3),
      ('Admin User', '2023-10-31', '1995-09-02', 'user33@example.com', 'password33', 'Male', 'admin', '2023-10-31', 'Emma Wright', '0000000043', true, 3),
      ('Admin User', '2023-10-31', '1983-04-14', 'user34@example.com', 'password34', 'Female', 'admin', '2023-10-31', 'Logan Parker', '0000000044', false, 2),
      ('Admin User', '2023-10-31', '1991-12-28', 'user35@example.com', 'password35', 'Male', 'admin', '2023-10-31', 'Mia Baker', '0000000045', true, 2),
      ('Admin User', '2023-10-31', '1986-11-07', 'user36@example.com', 'password36', 'Female', 'admin', '2023-10-31', 'Lucas Garcia', '0000000046', true, 2),
      ('Admin User', '2023-10-31', '1993-05-19', 'user37@example.com', 'password37', 'Male', 'admin', '2023-10-31', 'Lily Robinson', '0000000047', true, 2),
      ('Admin User', '2023-10-31', '1988-08-12', 'user38@example.com', 'password38', 'Female', 'admin', '2023-10-31', 'Ethan Wright', '0000000048', true, 3),
      ('Admin User', '2023-10-31', '1990-02-09', 'user39@example.com', 'password39', 'Male', 'admin', '2023-10-31', 'Grace Perez', '0000000049', true, 2),
      ('Admin User', '2023-10-31', '1985-06-26', 'user40@example.com', 'password40', 'Female', 'admin', '2023-10-31', 'Alexander Thomas', '0000000050', true, 2),
      ('Admin User', '2023-10-31', '1992-07-18', 'user41@example.com', 'password41', 'Male', 'admin', '2023-10-31', 'อานันท์', '0000000051', true, 3),
      ('Admin User', '2023-10-31', '1987-01-10', 'user42@example.com', 'password42', 'Female', 'admin', '2023-10-31', 'อัครพล', '0000000052', false, 3),
      ('Admin User', '2023-10-31', '1995-09-02', 'user43@example.com', 'password43', 'Male', 'admin', '2023-10-31', 'ชาคริต', '0000000053', true, 3),
      ('Admin User', '2023-10-31', '1983-04-14', 'user44@example.com', 'password44', 'Female', 'admin', '2023-10-31', 'ชาตรี', '0000000054', true, 2),
      ('Admin User', '2023-10-31', '1991-12-28', 'user45@example.com', 'password45', 'Male', 'admin', '2023-10-31', 'ชนินทร์', '0000000055', true, 2),
      ('Admin User', '2023-10-31', '1986-11-07', 'user46@example.com', 'password46', 'Female', 'admin', '2023-10-31', 'ชิรายุ', '0000000056', false, 2),
      ('Admin User', '2023-10-31', '1993-05-19', 'user47@example.com', 'password47', 'Male', 'admin', '2023-10-31', 'ชยันต์', '0000000057', true, 2),
      ('Admin User', '2023-10-31', '1988-08-12', 'user48@example.com', 'password48', 'Female', 'admin', '2023-10-31', 'ณัฐวุฒิ', '0000000058', true, 3),
      ('Admin User', '2023-10-31', '1990-02-09', 'user49@example.com', 'password49', 'Male', 'admin', '2023-10-31', 'อลิน', '0000000059', true, 3),
      ('Admin User', '2023-10-31', '1985-06-26', 'user50@example.com', 'password50', 'Female', 'admin', '2023-10-31', 'อัญญ่า', '0000000060', true, 3);


INSERT INTO tbl_training_program (
    training_program_code,
    create_by,
    create_date,
    duration,
    modified_by,
    modified_date,
    name,
    star_time,
    status,
    general_inf,
    user_id
) VALUES
      ('TP001', 'Admin User', '10-04-2023', 30, 'Admin User', '10-04-2023', 'Program 1', '2023-11-01', 'ACTIVE', 1, 1),
      ('TP002', 'Admin User', '10-04-2023', 45, 'Admin User', '10-04-2023', 'Program 2', '2023-11-15', 'ACTIVE', 2, 2),
      ('TP003', 'Admin User', '10-04-2023', 60, 'Admin User', '10-04-2023', 'Program 3', '2023-11-30', 'ACTIVE', 3, 3),
      ('TP004', 'Admin User', '10-04-2023', 50, 'Admin User', '10-04-2023', 'Program 4', '2023-11-25', 'ACTIVE', 4, 4),
      ('TP005', 'Admin User', '10-04-2023', 55, 'Admin User', '10-04-2023', 'Program 5', '2023-12-10', 'ACTIVE', 5, 5),
      ('TP006', 'Admin User', '10-05-2023', 45, 'Admin User', '10-05-2023', 'Program 6', '2023-11-15', 'ACTIVE', 6, 6),
      ('TP007', 'Admin User', '10-05-2023', 40, 'Admin User', '10-05-2023', 'Program 7', '2023-11-05', 'ACTIVE', 7, 7),
      ('TP008', 'Admin User', '10-06-2023', 60, 'Admin User', '10-06-2023', 'Program 8', '2023-12-01', 'ACTIVE', 8, 8),
      ('TP009', 'Admin User', '10-06-2023', 45, 'Admin User', '10-06-2023', 'Program 9', '2023-11-15', 'ACTIVE', 9, 9),
      ('TP010', 'Admin User', '10-06-2023', 50, 'Admin User', '10-06-2023', 'Program 10', '2023-12-01', 'ACTIVE', 10, 10),
      ('TP011', 'Admin User', '2023-10-10', 35, 'Admin User', '2023-10-10', 'Program 11', '2023-11-05', 'ACTIVE', 11, 11),
      ('TP012', 'Admin User', '2023-10-11', 40, 'Admin User', '2023-10-11', 'Program 12', '2023-11-10', 'ACTIVE', 12, 12),
      ('TP013', 'Admin User', '2023-10-12', 55, 'Admin User', '2023-10-12', 'Program 13', '2023-11-20', 'ACTIVE', 13, 13),
      ('TP014', 'Admin User', '2023-10-13', 48, 'Admin User', '2023-10-13', 'Program 14', '2023-11-15', 'ACTIVE', 14, 14),
      ('TP015', 'Admin User', '2023-10-14', 42, 'Admin User', '2023-10-14', 'Program 15', '2023-11-25', 'ACTIVE', 15, 15),
      ('TP016', 'Admin User', '2023-10-15', 60, 'Admin User', '2023-10-15', 'Program 16', '2023-12-01', 'ACTIVE', 16, 16),
      ('TP017', 'Admin User', '2023-10-16', 38, 'Admin User', '2023-10-16', 'Program 17', '2023-11-08', 'ACTIVE', 17, 17),
      ('TP018', 'Admin User', '2023-10-17', 50, 'Admin User', '2023-10-17', 'Program 18', '2023-11-22', 'ACTIVE', 18, 18),
      ('TP019', 'Admin User', '2023-10-18', 44, 'Admin User', '2023-10-18', 'Program 19', '2023-11-17', 'ACTIVE', 19, 19),
      ('TP020', 'Admin User', '2023-10-19', 37, 'Admin User', '2023-10-19', 'Program 20', '2023-11-06', 'ACTIVE', 20, 20),
      ('TP021', 'Admin User', '2023-10-20', 41, 'Admin User', '2023-10-20', 'Program 21', '2023-11-12', 'ACTIVE', 21, 21),
      ('TP022', 'Admin User', '2023-10-21', 52, 'Admin User', '2023-10-21', 'Program 22', '2023-11-27', 'ACTIVE', 22, 22),
      ('TP023', 'Admin User', '2023-10-22', 49, 'Admin User', '2023-10-22', 'Program 23', '2023-11-24', 'ACTIVE', 23, 23),
      ('TP024', 'Admin User', '2023-10-23', 46, 'Admin User', '2023-10-23', 'Program 24', '2023-11-19', 'ACTIVE', 24, 24),
      ('TP025', 'Admin User', '2023-10-24', 39, 'Admin User', '2023-10-24', 'Program 25', '2023-11-09', 'ACTIVE', 25, 25),
      ('TP026', 'Admin User', '2023-10-25', 43, 'Admin User', '2023-10-25', 'Program 26', '2023-11-14', 'ACTIVE', 26, 26),
      ('TP027', 'Admin User', '2023-10-26', 56, 'Admin User', '2023-10-26', 'Program 27', '2023-11-23', 'ACTIVE', 27, 27),
      ('TP028', 'Admin User', '2023-10-27', 47, 'Admin User', '2023-10-27', 'Program 28', '2023-11-18', 'ACTIVE', 28, 28),
      ('TP029', 'Admin User', '2023-10-28', 54, 'Admin User', '2023-10-28', 'Program 29', '2023-11-29', 'ACTIVE', 29, 29),
      ('TP030', 'Admin User', '2023-10-29', 36, 'Admin User', '2023-10-29', 'Program 30', '2023-11-04', 'ACTIVE', 30, 30),
      ('TP031', 'Admin User', '2023-10-30', 61, 'Admin User', '2023-10-30', 'Program 31', '2023-12-02', 'ACTIVE', 31, 31),
      ('TP032', 'Admin User', '2023-10-31', 38, 'Admin User', '2023-10-31', 'Program 32', '2023-11-08', 'ACTIVE', 32, 32),
      ('TP033', 'Admin User', '2023-11-01', 51, 'Admin User', '2023-11-01', 'Program 33', '2023-11-26', 'ACTIVE', 33, 33),
      ('TP034', 'Admin User', '2023-11-02', 44, 'Admin User', '2023-11-02', 'Program 34', '2023-11-17', 'ACTIVE', 34, 34),
      ('TP035', 'Admin User', '2023-11-03', 37, 'Admin User', '2023-11-03', 'Program 35', '2023-11-06', 'ACTIVE', 35, 35),
      ('TP036', 'Admin User', '2023-11-04', 42, 'Admin User', '2023-11-04', 'Program 36', '2023-11-25', 'ACTIVE', 36, 36),
      ('TP037', 'Admin User', '2023-11-05', 58, 'Admin User', '2023-11-05', 'Program 37', '2023-12-04', 'ACTIVE', 37, 37),
      ('TP038', 'Admin User', '2023-11-06', 49, 'Admin User', '2023-11-06', 'Program 38', '2023-11-24', 'ACTIVE', 38, 38),
      ('TP039', 'Admin User', '2023-11-07', 45, 'Admin User', '2023-11-07', 'Program 39', '2023-11-20', 'ACTIVE', 39, 39),
      ('TP040', 'Admin User', '2023-11-08', 47, 'Admin User', '2023-11-08', 'Program 40', '2023-11-22', 'ACTIVE', 40, 40),
      ('TP041', 'Admin User', '2023-10-30', 61, 'Admin User', '2023-10-30', 'Program 41', '2023-12-02', 'ACTIVE', 41, 41),
      ('TP042', 'Admin User', '2023-10-31', 38, 'Admin User', '2023-10-31', 'Program 42', '2023-11-08', 'ACTIVE', 42, 42),
      ('TP043', 'Admin User', '2023-11-01', 51, 'Admin User', '2023-11-01', 'Program 43', '2023-11-26', 'ACTIVE', 43, 43),
      ('TP044', 'Admin User', '2023-11-02', 44, 'Admin User', '2023-11-02', 'Program 44', '2023-11-17', 'ACTIVE', 44, 44),
      ('TP045', 'Admin User', '2023-11-03', 37, 'Admin User', '2023-11-03', 'Program 45', '2023-11-06', 'ACTIVE', 45, 45),
      ('TP046', 'Admin User', '2023-11-04', 42, 'Admin User', '2023-11-04', 'Program 46', '2023-11-25', 'ACTIVE', 46, 46),
      ('TP047', 'Admin User', '2023-11-05', 58, 'Admin User', '2023-11-05', 'Program 47', '2023-12-04', 'ACTIVE', 47, 47),
      ('TP048', 'Admin User', '2023-11-06', 49, 'Admin User', '2023-11-06', 'Program 48', '2023-11-24', 'ACTIVE', 48, 48),
      ('TP049', 'Admin User', '2023-11-07', 45, 'Admin User', '2023-11-07', 'Program 49', '2023-11-20', 'ACTIVE', 49, 49),
      ('TP050', 'Admin User', '2023-11-08', 47, 'Admin User', '2023-11-08', 'Program 50', '2023-11-22', 'ACTIVE', 50, 50);


INSERT INTO tbl_syllabus (
    topic_code,
    create_by,
    create_date,
    modified_by,
    modified_date,
    priority,
    public_status,
    technical_group,
    topic_name,
    topic_outline,
    training_audience,
    training_materials,
    training_principles_training,
    training_principles_retest,
    training_principles_marking,
    training_principles_criteria,
    training_principles_others,
    version,
    status,
    assessment_scheme
) VALUES
      ('T001', 'Admin User', '2023-10-04', 'Admin User', '2023-10-04', 'HIGH', 'PUBLIC', 'Technical Group A', 'Topic 1', 'Outline for Topic 1', 30, 'Materials for Topic 1', 'PrinciplesTraining for Topic 1','PrinciplesRetest for Topic 1','PrinciplesMarking for Topic 1','PrinciplesCriteria for Topic 1','PrinciplesOthers for Topic 1', '1.0.0','Active','15,15,70,40,60,70'),
      ('T002', 'Admin User', '2023-10-04', 'Admin User', '2023-10-04', 'MEDIUM', 'PUBLIC', 'Technical Group B', 'Topic 2', 'Outline for Topic 2', 20, 'Materials for Topic 2', 'PrinciplesTraining for Topic 2','PrinciplesRetest for Topic 2','PrinciplesMarking for Topic 2','PrinciplesCriteria for Topic 2','PrinciplesOthers for Topic 2', '1.0.0','Inactive','15,15,70,40,60,70'),
      ('T003', 'Admin User', '2023-10-04', 'Admin User', '2023-10-04', 'LOW', 'PRIVATE', 'Technical Group C', 'Topic 3', 'Outline for Topic 3', 25, 'Materials for Topic 3', 'PrinciplesTraining for Topic 3','PrinciplesRetest for Topic 3','PrinciplesMarking for Topic 3','PrinciplesCriteria for Topic 3','PrinciplesOthers for Topic 3', '1.0.0','Active','15,15,70,40,60,70'),
      ('T004', 'Admin User', '2023-10-04', 'Admin User', '2023-10-04', 'HIGH', 'PUBLIC', 'Technical Group A', 'Topic 4', 'Outline for Topic 4', 30, 'Materials for Topic 4', 'PrinciplesTraining for Topic 4','PrinciplesRetest for Topic 4','PrinciplesMarking for Topic 4','PrinciplesCriteria for Topic 4','PrinciplesOthers for Topic 4', '1.0.0','Inactive','15,15,70,40,60,70'),
      ('T005', 'Admin User', '2023-10-04', 'Admin User', '2023-10-04', 'MEDIUM', 'PUBLIC', 'Technical Group B', 'Topic 5', 'Outline for Topic 5', 20, 'Materials for Topic 5', 'PrinciplesTraining for Topic 5','PrinciplesRetest for Topic 5','PrinciplesMarking for Topic 5','PrinciplesCriteria for Topic 5','PrinciplesOthers for Topic 5', '1.0.0','Draft','15,15,70,40,60,70'),
      ('T006', 'Admin User', '2023-10-05', 'Admin User', '2023-10-05', 'LOW', 'PRIVATE', 'Technical Group C', 'Topic 6', 'Outline for Topic 6', 25, 'Materials for Topic 6', 'PrinciplesTraining for Topic 6','PrinciplesRetest for Topic 6','PrinciplesMarking for Topic 6','PrinciplesCriteria for Topic 6','PrinciplesOthers for Topic 6', '1.0.0','Draft','15,15,70,40,60,70'),
      ('T007', 'Admin User', '2023-10-05', 'Admin User', '2023-10-05', 'HIGH', 'PUBLIC', 'Technical Group A', 'Topic 7', 'Outline for Topic 7', 30, 'Materials for Topic 7', 'PrinciplesTraining for Topic 7','PrinciplesRetest for Topic 7','PrinciplesMarking for Topic 7','PrinciplesCriteria for Topic 7','PrinciplesOthers for Topic 7', '1.0.0','Active','15,15,70,40,60,70'),
      ('T008', 'Admin User', '2023-10-06', 'Admin User', '2023-10-06', 'MEDIUM', 'PUBLIC', 'Technical Group B', 'Topic 8', 'Outline for Topic 8', 20, 'Materials for Topic 8', 'PrinciplesTraining for Topic 8','PrinciplesRetest for Topic 8','PrinciplesMarking for Topic 8','PrinciplesCriteria for Topic 8','PrinciplesOthers for Topic 8', '1.0.0','Inactive','15,15,70,40,60,70'),
      ('T009', 'Admin User', '2023-10-06', 'Admin User', '2023-10-06', 'LOW', 'PRIVATE', 'Technical Group C', 'Topic 9', 'Outline for Topic 9', 25, 'Materials for Topic 9', 'PrinciplesTraining for Topic 9','PrinciplesRetest for Topic 9','PrinciplesMarking for Topic 9','PrinciplesCriteria for Topic 9','PrinciplesOthers for Topic 9', '1.0.0','Active','15,15,70,40,60,70'),
      ('T010', 'Admin User', '2023-10-06', 'Admin User', '2023-10-06', 'HIGH', 'PUBLIC', 'Technical Group A', 'Topic 10', 'Outline for Topic 10', 30, 'Materials for Topic 10', 'PrinciplesTraining for Topic 10','PrinciplesRetest for Topic 10','PrinciplesMarking for Topic 10','PrinciplesCriteria for Topic 10','PrinciplesOthers for Topic 10', '1.0.0','Active','15,15,70,40,60,70'),
      ('T011', 'Admin User', '2023-10-10', 'Admin User', '2023-10-10', 'HIGH', 'PUBLIC', 'Technical Group A', 'Topic 11', 'Outline for Topic 11', 30, 'Materials for Topic 11', 'PrinciplesTraining for Topic 11','PrinciplesRetest for Topic 11','PrinciplesMarking for Topic 11','PrinciplesCriteria for Topic 11','PrinciplesOthers for Topic 11', '1.0.0','Active','15,15,70,40,60,70'),
      ('T012', 'Admin User', '2023-10-11', 'Admin User', '2023-10-11', 'MEDIUM', 'PUBLIC', 'Technical Group B', 'Topic 12', 'Outline for Topic 12', 25, 'Materials for Topic 12', 'PrinciplesTraining for Topic 12','PrinciplesRetest for Topic 12','PrinciplesMarking for Topic 12','PrinciplesCriteria for Topic 12','PrinciplesOthers for Topic 12', '1.0.0','Inactive','15,15,70,40,60,70'),
      ('T013', 'Admin User', '2023-10-12', 'Admin User', '2023-10-12', 'LOW', 'PRIVATE', 'Technical Group C', 'Topic 13', 'Outline for Topic 13', 20, 'Materials for Topic 13', 'PrinciplesTraining for Topic 13','PrinciplesRetest for Topic 13','PrinciplesMarking for Topic 13','PrinciplesCriteria for Topic 13','PrinciplesOthers for Topic 13', '1.0.0','Active','15,15,70,40,60,70'),
      ('T014', 'Admin User', '2023-10-13', 'Admin User', '2023-10-13', 'HIGH', 'PUBLIC', 'Technical Group A', 'Topic 14', 'Outline for Topic 14', 30, 'Materials for Topic 14', 'PrinciplesTraining for Topic 14','PrinciplesRetest for Topic 14','PrinciplesMarking for Topic 14','PrinciplesCriteria for Topic 14','PrinciplesOthers for Topic 14', '1.0.0','Inactive','15,15,70,40,60,70'),
      ('T015', 'Admin User', '2023-10-14', 'Admin User', '2023-10-14', 'MEDIUM', 'PUBLIC', 'Technical Group B', 'Topic 15', 'Outline for Topic 15', 25, 'Materials for Topic 15', 'PrinciplesTraining for Topic 15','PrinciplesRetest for Topic 15','PrinciplesMarking for Topic 15','PrinciplesCriteria for Topic 15','PrinciplesOthers for Topic 15', '1.0.0','Draft','15,15,70,40,60,70'),
      ('T016', 'Admin User', '2023-10-15', 'Admin User', '2023-10-15', 'LOW', 'PRIVATE', 'Technical Group C', 'Topic 16', 'Outline for Topic 16', 20, 'Materials for Topic 16', 'PrinciplesTraining for Topic 16','PrinciplesRetest for Topic 16','PrinciplesMarking for Topic 16','PrinciplesCriteria for Topic 16','PrinciplesOthers for Topic 16', '1.0.0','Draft','15,15,70,40,60,70'),
      ('T017', 'Admin User', '2023-10-16', 'Admin User', '2023-10-16', 'HIGH', 'PUBLIC', 'Technical Group A', 'Topic 17', 'Outline for Topic 17', 30, 'Materials for Topic 17', 'PrinciplesTraining for Topic 17','PrinciplesRetest for Topic 17','PrinciplesMarking for Topic  17','PrinciplesCriteria for Topic 17','PrinciplesOthers for Topic 17', '1.0.0','Active','15,15,70,40,60,70'),
      ('T018', 'Admin User', '2023-10-17', 'Admin User', '2023-10-17', 'MEDIUM', 'PUBLIC', 'Technical Group B', 'Topic 18', 'Outline for Topic 18', 25, 'Materials for Topic 18', 'PrinciplesTraining for Topic 18','PrinciplesRetest for Topic 18','PrinciplesMarking for Topic 18','PrinciplesCriteria for Topic 18','PrinciplesOthers for Topic 18', '1.0.0','Inactive','15,15,70,40,60,70'),
      ('T019', 'Admin User', '2023-10-18', 'Admin User', '2023-10-18', 'LOW', 'PRIVATE', 'Technical Group C', 'Topic 19', 'Outline for Topic 19', 20, 'Materials for Topic 19', 'PrinciplesTraining for Topic 19','PrinciplesRetest for Topic 19','PrinciplesMarking for Topic 19','PrinciplesCriteria for Topic 19','PrinciplesOthers for Topic 19', '1.0.0','Active','15,15,70,40,60,70'),
      ('T020', 'Admin User', '2023-10-19', 'Admin User', '2023-10-19', 'HIGH', 'PUBLIC', 'Technical Group A', 'Topic 20', 'Outline for Topic 20', 30, 'Materials for Topic 20', 'PrinciplesTraining for Topic 20','PrinciplesRetest for Topic 20','PrinciplesMarking for Topic 20','PrinciplesCriteria for Topic 20','PrinciplesOthers for Topic 20', '1.0.0','Active','15,15,70,40,60,70'),
      ('T021', 'Admin User', '2023-10-20', 'Admin User', '2023-10-20', 'MEDIUM', 'PUBLIC', 'Technical Group B', 'Topic 21', 'Outline for Topic 21', 25, 'Materials for Topic 21', 'PrinciplesTraining for Topic 21','PrinciplesRetest for Topic 21','PrinciplesMarking for Topic 21','PrinciplesCriteria for Topic 21','PrinciplesOthers for Topic 21', '1.0.0','Draft','15,15,70,40,60,70'),
      ('T022', 'Admin User', '2023-10-21', 'Admin User', '2023-10-21', 'LOW', 'PRIVATE', 'Technical Group C', 'Topic 22', 'Outline for Topic 22', 20, 'Materials for Topic 22', 'PrinciplesTraining for Topic 22','PrinciplesRetest for Topic 22','PrinciplesMarking for Topic 22','PrinciplesCriteria for Topic 22','PrinciplesOthers for Topic 22', '1.0.0','Draft','15,15,70,40,60,70'),
      ('T023', 'Admin User', '2023-10-22', 'Admin User', '2023-10-22', 'HIGH', 'PUBLIC', 'Technical Group A', 'Topic 23', 'Outline for Topic 23', 30, 'Materials for Topic 23', 'PrinciplesTraining for Topic 23','PrinciplesRetest for Topic 23','PrinciplesMarking for Topic 23','PrinciplesCriteria for Topic 23','PrinciplesOthers for Topic 23', '1.0.0','Active','15,15,70,40,60,70'),
      ('T024', 'Admin User', '2023-10-23', 'Admin User', '2023-10-23', 'MEDIUM', 'PUBLIC', 'Technical Group B', 'Topic 24', 'Outline for Topic 24', 25, 'Materials for Topic 24', 'PrinciplesTraining for Topic 24','PrinciplesRetest for Topic 24','PrinciplesMarking for Topic 24','PrinciplesCriteria for Topic 24','PrinciplesOthers for Topic 24', '1.0.0','Inactive','15,15,70,40,60,70'),
      ('T025', 'Admin User', '2023-10-24', 'Admin User', '2023-10-24', 'LOW', 'PRIVATE', 'Technical Group C', 'Topic 25', 'Outline for Topic 25', 20, 'Materials for Topic 25', 'PrinciplesTraining for Topic 25','PrinciplesRetest for Topic 25','PrinciplesMarking for Topic 25','PrinciplesCriteria for Topic 25','PrinciplesOthers for Topic 25', '1.0.0','Active','15,15,70,40,60,70'),
      ('T026', 'Admin User', '2023-10-25', 'Admin User', '2023-10-25', 'HIGH', 'PUBLIC', 'Technical Group A', 'Topic 26', 'Outline for Topic 26', 30, 'Materials for Topic 26', 'PrinciplesTraining for Topic 26','PrinciplesRetest for Topic 26','PrinciplesMarking for Topic 26','PrinciplesCriteria for Topic 26','PrinciplesOthers for Topic 26', '1.0.0','Inactive','15,15,70,40,60,70'),
      ('T027', 'Admin User', '2023-10-26', 'Admin User', '2023-10-26', 'MEDIUM', 'PUBLIC', 'Technical Group B', 'Topic 27', 'Outline for Topic 27', 25, 'Materials for Topic 27', 'PrinciplesTraining for Topic 27','PrinciplesRetest for Topic 27','PrinciplesMarking for Topic 27','PrinciplesCriteria for Topic 27','PrinciplesOthers for Topic 27', '1.0.0','Active','15,15,70,40,60,70'),
      ('T028', 'Admin User', '2023-10-27', 'Admin User', '2023-10-27', 'LOW', 'PRIVATE', 'Technical Group C', 'Topic 28', 'Outline for Topic 28', 20, 'Materials for Topic 28', 'PrinciplesTraining for Topic 28','PrinciplesRetest for Topic 28','PrinciplesMarking for Topic 28','PrinciplesCriteria for Topic 28','PrinciplesOthers for Topic 28', '1.0.0','Draft','15,15,70,40,60,70'),
      ('T029', 'Admin User', '2023-10-28', 'Admin User', '2023-10-28', 'HIGH', 'PUBLIC', 'Technical Group A', 'Topic 29', 'Outline for Topic 29', 30, 'Materials for Topic 29', 'PrinciplesTraining for Topic 29','PrinciplesRetest for Topic 29','PrinciplesMarking for Topic 29','PrinciplesCriteria for Topic 29','PrinciplesOthers for Topic 29', '1.0.0','Active','15,15,70,40,60,70'),
      ('T030', 'Admin User', '2023-10-29', 'Admin User', '2023-10-29', 'MEDIUM', 'PUBLIC', 'Technical Group B', 'Topic 30', 'Outline for Topic 30', 25, 'Materials for Topic 30', 'PrinciplesTraining for Topic 30','PrinciplesRetest for Topic 30','PrinciplesMarking for Topic 30','PrinciplesCriteria for Topic 30','PrinciplesOthers for Topic 30', '1.0.0','Active','15,15,70,40,60,70'),
      ('T031', 'Admin User', '2023-10-30', 'Admin User', '2023-10-30', 'LOW', 'PRIVATE', 'Technical Group C', 'Topic 31', 'Outline for Topic 31', 20, 'Materials for Topic 31', 'PrinciplesTraining for Topic 31','PrinciplesRetest for Topic 31','PrinciplesMarking for Topic 31','PrinciplesCriteria for Topic 31','PrinciplesOthers for Topic 31', '1.0.0','Draft','15,15,70,40,60,70'),
      ('T032', 'Admin User', '2023-10-31', 'Admin User', '2023-10-31', 'HIGH', 'PUBLIC', 'Technical Group A', 'Topic 32', 'Outline for Topic 32', 30, 'Materials for Topic 32', 'PrinciplesTraining for Topic 32','PrinciplesRetest for Topic 32','PrinciplesMarking for Topic 32','PrinciplesCriteria for Topic 32','PrinciplesOthers for Topic 32', '1.0.0','Active','15,15,70,40,60,70'),
      ('T033', 'Admin User', '2023-11-01', 'Admin User', '2023-11-01', 'MEDIUM', 'PUBLIC', 'Technical Group B', 'Topic 33', 'Outline for Topic 33', 25, 'Materials for Topic 33', 'PrinciplesTraining for Topic 33','PrinciplesRetest for Topic 33','PrinciplesMarking for Topic 33','PrinciplesCriteria for Topic 33','PrinciplesOthers for Topic 33', '1.0.0','Inactive','15,15,70,40,60,70'),
      ('T034', 'Admin User', '2023-11-02', 'Admin User', '2023-11-02', 'LOW', 'PRIVATE', 'Technical Group C', 'Topic 34', 'Outline for Topic 34', 20, 'Materials for Topic 34', 'PrinciplesTraining for Topic 34','PrinciplesRetest for Topic 34','PrinciplesMarking for Topic 34','PrinciplesCriteria for Topic 34','PrinciplesOthers for Topic 34', '1.0.0','Active','15,15,70,40,60,70'),
      ('T035', 'Admin User', '2023-11-03', 'Admin User', '2023-11-03', 'HIGH', 'PUBLIC', 'Technical Group A', 'Topic 35', 'Outline for Topic 35', 30, 'Materials for Topic 35', 'PrinciplesTraining for Topic 35','PrinciplesRetest for Topic 35','PrinciplesMarking for Topic 35','PrinciplesCriteria for Topic 35','PrinciplesOthers for Topic 35', '1.0.0','Inactive','15,15,70,40,60,70'),
      ('T036', 'Admin User', '2023-11-04', 'Admin User', '2023-11-04', 'MEDIUM', 'PUBLIC', 'Technical Group B', 'Topic 36', 'Outline for Topic 36', 25, 'Materials for Topic 36', 'PrinciplesTraining for Topic 36','PrinciplesRetest for Topic 36','PrinciplesMarking for Topic 36','PrinciplesCriteria for Topic 36','PrinciplesOthers for Topic 36', '1.0.0','Draft','15,15,70,40,60,70'),
      ('T037', 'Admin User', '2023-11-05', 'Admin User', '2023-11-05', 'LOW', 'PRIVATE', 'Technical Group C', 'Topic 37', 'Outline for Topic 37', 20, 'Materials for Topic 37', 'PrinciplesTraining for Topic 37','PrinciplesRetest for Topic 37','PrinciplesMarking for Topic 37','PrinciplesCriteria for Topic 37','PrinciplesOthers for Topic 37', '1.0.0','Active','15,15,70,40,60,70'),
      ('T038', 'Admin User', '2023-11-06', 'Admin User', '2023-11-06', 'HIGH', 'PUBLIC', 'Technical Group A', 'Topic 38', 'Outline for Topic 38', 30, 'Materials for Topic 38', 'PrinciplesTraining for Topic 38','PrinciplesRetest for Topic 38','PrinciplesMarking for Topic 38','PrinciplesCriteria for Topic 38','PrinciplesOthers for Topic 38', '1.0.0','Inactive','15,15,70,40,60,70'),
      ('T039', 'Admin User', '2023-11-07', 'Admin User', '2023-11-07', 'MEDIUM', 'PUBLIC', 'Technical Group B', 'Topic 39', 'Outline for Topic 39', 25, 'Materials for Topic 39', 'PrinciplesTraining for Topic 39','PrinciplesRetest for Topic 39','PrinciplesMarking for Topic 39','PrinciplesCriteria for Topic 39','PrinciplesOthers for Topic 39', '1.0.0','Active','15,15,70,40,60,70'),
      ('T040', 'Admin User', '2023-11-08', 'Admin User', '2023-11-08', 'LOW', 'PRIVATE', 'Technical Group C', 'Topic 40', 'Outline for Topic 40', 20, 'Materials for Topic 40', 'PrinciplesTraining for Topic 40','PrinciplesRetest for Topic 40','PrinciplesMarking for Topic 40','PrinciplesCriteria for Topic 40','PrinciplesOthers for Topic 40', '1.0.0','Draft','15,15,70,40,60,70'),
      ('T041', 'Admin User', '2023-10-30', 'Admin User', '2023-10-30', 'LOW', 'PRIVATE', 'Technical Group C', 'Topic 41', 'Outline for Topic 41', 20, 'Materials for Topic 41', 'PrinciplesTraining for Topic 41','PrinciplesRetest for Topic 41','PrinciplesMarking for Topic 41','PrinciplesCriteria for Topic 41','PrinciplesOthers for Topic 41', '1.0.0','Draft','15,15,70,40,60,70'),
      ('T042', 'Admin User', '2023-10-31', 'Admin User', '2023-10-31', 'HIGH', 'PUBLIC', 'Technical Group A', 'Topic 42', 'Outline for Topic 42', 30, 'Materials for Topic 42', 'PrinciplesTraining for Topic 42','PrinciplesRetest for Topic 42','PrinciplesMarking for Topic 42','PrinciplesCriteria for Topic 42','PrinciplesOthers for Topic 42', '1.0.0','Active','15,15,70,40,60,70'),
      ('T043', 'Admin User', '2023-11-01', 'Admin User', '2023-11-01', 'MEDIUM', 'PUBLIC', 'Technical Group B', 'Topic 43', 'Outline for Topic 43', 25, 'Materials for Topic 43', 'PrinciplesTraining for Topic 43','PrinciplesRetest for Topic 43','PrinciplesMarking for Topic 43','PrinciplesCriteria for Topic 43','PrinciplesOthers for Topic 43', '1.0.0','Inactive','15,15,70,40,60,70'),
      ('T044', 'Admin User', '2023-11-02', 'Admin User', '2023-11-02', 'LOW', 'PRIVATE', 'Technical Group C', 'Topic 44', 'Outline for Topic 44', 20, 'Materials for Topic 44', 'PrinciplesTraining for Topic 44','PrinciplesRetest for Topic 44','PrinciplesMarking for Topic 44','PrinciplesCriteria for Topic 44','PrinciplesOthers for Topic 44', '1.0.0','Active','15,15,70,40,60,70'),
      ('T045', 'Admin User', '2023-11-03', 'Admin User', '2023-11-03', 'HIGH', 'PUBLIC', 'Technical Group A', 'Topic 45', 'Outline for Topic 45', 30, 'Materials for Topic 45', 'PrinciplesTraining for Topic 45','PrinciplesRetest for Topic 45','PrinciplesMarking for Topic 45','PrinciplesCriteria for Topic 45','PrinciplesOthers for Topic 45', '1.0.0','Inactive','15,15,70,40,60,70'),
      ('T046', 'Admin User', '2023-11-04', 'Admin User', '2023-11-04', 'MEDIUM', 'PUBLIC', 'Technical Group B', 'Topic 46', 'Outline for Topic 46', 25, 'Materials for Topic 46','PrinciplesTraining for Topic 46','PrinciplesRetest for Topic 46','PrinciplesMarking for Topic 46','PrinciplesCriteria for Topic 46','PrinciplesOthers for Topic 46', '1.0.0','Draft','15,15,70,40,60,70'),
      ('T047', 'Admin User', '2023-11-05', 'Admin User', '2023-11-05', 'LOW', 'PRIVATE', 'Technical Group C', 'Topic 47', 'Outline for Topic 47', 20, 'Materials for Topic 47', 'PrinciplesTraining for Topic 47','PrinciplesRetest for Topic 47','PrinciplesMarking for Topic 47','PrinciplesCriteria for Topic 47','PrinciplesOthers for Topic 47', '1.0.0','Active','15,15,70,40,60,70'),
      ('T048', 'Admin User', '2023-11-06', 'Admin User', '2023-11-06', 'HIGH', 'PUBLIC', 'Technical Group A', 'Topic 48', 'Outline for Topic 48', 30, 'Materials for Topic 48', 'PrinciplesTraining for Topic 48','PrinciplesRetest for Topic 48','PrinciplesMarking for Topic 48','PrinciplesCriteria for Topic 48','PrinciplesOthers for Topic 48', '1.0.0','Inactive','15,15,70,40,60,70'),
      ('T049', 'Admin User', '2023-11-07', 'Admin User', '2023-11-07', 'MEDIUM', 'PUBLIC', 'Technical Group B', 'Topic 49', 'Outline for Topic 49', 25, 'Materials for Topic 49', 'PrinciplesTraining for Topic 49','PrinciplesRetest for Topic 49','PrinciplesMarking for Topic 49','PrinciplesCriteria for Topic 49','PrinciplesOthers for Topic 49', '1.0.0','Active','15,15,70,40,60,70'),
      ('T050', 'Admin User', '2023-11-08', 'Admin User', '2023-11-08', 'LOW', 'PRIVATE', 'Technical Group C', 'Topic 50', 'Outline for Topic 50', 20, 'Materials for Topic 50', 'PrinciplesTraining for Topic 50','PrinciplesRetest for Topic 50','PrinciplesMarking for Topic 50','PrinciplesCriteria for Topic 50','PrinciplesOthers for Topic 50', '1.0.0','Draft','15,15,70,40,60,70');
INSERT INTO tbl_training_program_syllabus (
    sequence,
    syllabus_id,
    training_program_code
) VALUES
      ('A01', 1, 'TP001'),
      ('A02', 2, 'TP001'),
      ('S01', 3, 'TP002'),
      ('S02', 4, 'TP002'),
      ('K01', 5, 'TP003'),
      ('K02', 6, 'TP003'),
      ('H01', 7, 'TP004'),
      ('H02', 8, 'TP004'),
      ('A03', 9, 'TP005'),
      ('A04', 10, 'TP005'),
      ('A01', 11, 'TP006'),
    ('A02', 12, 'TP006'),
    ('S01', 13, 'TP007'),
    ('S02', 14, 'TP007'),
    ('K01', 15, 'TP008'),
    ('K02', 16, 'TP008'),
    ('H01', 17, 'TP009'),
    ('H02', 18, 'TP009'),
    ('A03', 19, 'TP010'),
    ('A04', 20, 'TP010'),
    ('A05', 21, 'TP011'),
    ('A06', 22, 'TP011'),
    ('S03', 23, 'TP012'),
    ('S04', 24, 'TP012'),
    ('K03', 25, 'TP013'),
    ('K04', 26, 'TP013'),
    ('H03', 27, 'TP014'),
    ('H04', 28, 'TP014'),
    ('A07', 29, 'TP015'),
    ('A08', 30, 'TP015'),
    ('A09', 31, 'TP016'),
    ('A10', 32, 'TP016'),
    ('S05', 33, 'TP017'),
    ('S06', 34, 'TP017'),
    ('K05', 35, 'TP018'),
    ('K06', 36, 'TP018'),
    ('H05', 37, 'TP019'),
    ('H06', 38, 'TP019'),
    ('A11', 39, 'TP020'),
    ('A12', 40, 'TP020'),
    ('A13', 11, 'TP021'),
    ('A14', 12, 'TP021'),
    ('S07', 13, 'TP022'),
    ('S08', 14, 'TP022'),
    ('K07', 15, 'TP023'),
    ('K08', 16, 'TP023'),
    ('H07', 17, 'TP024'),
    ('H08', 18, 'TP024'),
    ('A15', 19, 'TP025'),
    ('A16', 20, 'TP025'),
    ('A17', 21, 'TP026'),
    ('A18', 22, 'TP026'),
    ('S09', 23, 'TP027'),
    ('S10', 24, 'TP027'),
    ('K09', 25, 'TP028'),
    ('K10', 26, 'TP028'),
    ('H09', 27, 'TP029'),
    ('H10', 28, 'TP029'),
    ('A19', 29, 'TP030'),
    ('A20', 30, 'TP030');

INSERT INTO tbl_class (class_code,
                       class_name,
                       create_by,
                       create_date,
                       duration,
                       end_date,
                       fsu,
                       location,
                       class_time,
                       modified_by,
                       modified_date,
                       start_date,
                       status,
                       training_program_code,
                       attendee_id,
                       time_from,
                       time_to,
                       date_learning)
VALUES ('FHM-23-01', 'Introduction to Programming', 'Admin User', '2023-10-04', 30, '2023-11-03', 'FHM', 'Room A101',
        'Morning', 'Admin User', '2023-10-04', '2023-10-15', 'Completed', 'TP001', 1, '01:00:00', '02:00:00', 'Mon-Wed-Fri'),
       ('FHM-23-02', 'Database Management', 'Admin User', '2023-10-04', 45, '2023-11-15', 'FHM', 'Room B202', 'Morning',
        'Admin User', '2023-10-04', '2023-10-20', 'Opening', 'TP002', 2, '01:00:00', '02:00:00', 'Mon-Wed-Fri'),
       ('FHM-23-03', 'Web Development', 'Admin User', '2023-10-04', 60, '2023-11-30', 'FHM', 'Room C303', 'Noon',
        'Admin User', '2023-10-04', '2023-10-25', 'Scheduled', 'TP003', 3, '01:00:00', '02:00:00', 'Mon-Wed-Fri'),
       ('FHM-23-04', 'Data Science', 'Admin User', '2023-10-04', 50, '2023-11-25', 'FHM', 'Room D404', 'Noon',
        'Admin User', '2023-10-04', '2023-11-01', 'Planning', 'TP004', 4, '01:00:00', '02:00:00', 'Mon-Wed-Fri'),
       ('FHM-23-05', 'Machine Learning', 'Admin User', '2023-10-04', 55, '2023-12-10', 'FHM', 'Room E505', 'Night',
        'Admin User', '2023-10-04', '2023-11-05', 'Planning', 'TP005', 5, '01:00:00', '02:00:00', 'Mon-Wed-Fri'),
       ('FHM-23-06', 'Artificial Intelligence', 'Admin User', '2023-10-04', 45, '2023-11-15', 'FHM', 'Room F606',
        'Night', 'Admin User', '2023-10-04', '2023-11-10', 'Planning', 'TP006', 6, '01:00:00', '02:00:00', 'Mon-Wed-Fri'),
       ('FHM-23-07', 'Cybersecurity', 'Admin User', '2023-10-04', 40, '2023-11-05', 'FHM', 'Room G707', 'Online',
        'Admin User', '2023-10-04', '2023-11-15', 'Planning', 'TP007', 7, '01:00:00', '02:00:00', 'Mon-Wed-Fri'),
       ('FHM-23-08', 'Software Engineering', 'Admin User', '2023-10-04', 60, '2023-12-01', 'FHM', 'Room H808', 'Online',
        'Admin User', '2023-10-04', '2023-12-05', 'Planning', 'TP008', 8, '01:00:00', '02:00:00', 'Mon-Wed-Fri'),
       ('FHM-23-09', 'Mobile App Development', 'Admin User', '2023-10-04', 45, '2023-11-15', 'FHM', 'Room I909',
        'Morning', 'Admin User', '2023-10-04', '2023-11-20', 'Planning', 'TP009', 9, '01:00:00', '02:00:00', 'Mon-Wed-Fri'),
       ('FHM-23-10', 'Cloud Computing', 'Admin User', '2023-10-04', 50, '2023-11-20', 'FHM', 'Room J1010', 'Morning',
        'Admin User', '2023-10-04', '2023-11-25', 'Scheduled', 'TP010', 10, '01:00:00', '02:00:00', 'Mon-Wed-Fri'),
       ('FHM-23-11', 'Intro to Programming', 'Admin User', '2023-10-04', 30, '2023-11-03', 'FHM', 'TP.HCM', 'Morning',
        'Admin User', '2023-10-04', '2023-10-15', 'Scheduled', 'TP001', 11, '01:00:00', '02:00:00', 'Mon-Wed-Fri'),
       ('FHM-23-12', 'Database Management', 'Admin User', '2023-10-04', 45, '2023-11-15', 'FHM', 'Da Nang', 'Morning',
        'Admin User', '2023-10-04', '2023-10-20', 'Scheduled', 'TP002', 12, '01:00:00', '02:00:00', 'Mon-Wed-Fri'),
       ('FHM-23-13', 'Web Development', 'Admin User', '2023-10-04', 60, '2023-11-30', 'FHM', 'Can Tho', 'Noon',
        'Admin User', '2023-10-04', '2023-10-25', 'Scheduled', 'TP003', 13, '01:00:00', '02:00:00', 'Mon-Wed-Fri'),
       ('FHM-23-14', 'Data Science', 'Admin User', '2023-10-04', 50, '2023-11-25', 'FHM', 'Ha Noi', 'Noon',
        'Admin User', '2023-10-04', '2023-11-01', 'Completed', 'TP004', 14, '01:00:00', '02:00:00', 'Mon-Wed-Fri'),
       ('FHM-23-15', 'Machine Learning', 'Admin User', '2023-10-04', 55, '2023-12-10', 'FHM', 'TP.HCM', 'Night',
        'Admin User', '2023-10-04', '2023-11-05', 'Completed', 'TP005', 15, '01:00:00', '02:00:00', 'Mon-Wed-Fri'),
       ('FHM-23-16', 'AI Fundamentals', 'Admin User', '2023-10-04', 45, '2023-11-15', 'FHM', 'Da Nang', 'Night',
        'Admin User', '2023-10-04', '2023-11-10', 'Completed', 'TP006', 16, '01:00:00', '02:00:00', 'Mon-Wed-Fri'),
       ('FHM-23-17', 'Cybersecurity Basics', 'Admin User', '2023-10-04', 40, '2023-11-05', 'FHM', 'Can Tho', 'Online',
        'Admin User', '2023-10-04', '2023-11-15', 'Completed', 'TP007', 17, '01:00:00', '02:00:00', 'Mon-Wed-Fri'),
       ('FHM-23-18', 'Software Engineering', 'Admin User', '2023-10-04', 60, '2023-12-01', 'FHM', 'Ha Noi', 'Online',
        'Admin User', '2023-10-04', '2023-12-05', 'Completed', 'TP008', 18, '01:00:00', '02:00:00', 'Mon-Wed-Fri'),
       ('FHM-23-19', 'Mobile App Development', 'Admin User', '2023-10-04', 45, '2023-11-15', 'FHM', 'TP.HCM',
        'Morning', 'Admin User', '2023-10-04', '2023-11-20', 'Opening', 'TP009', 19, '01:00:00', '02:00:00', 'Mon-Wed-Fri'),
       ('FHM-23-20', 'Cloud Computing', 'Admin User', '2023-10-04', 50, '2023-11-20', 'FHM', 'Da Nang', 'Morning',
        'Admin User', '2023-10-04', '2023-11-25', 'Opening', 'TP010', 20, '01:00:00', '02:00:00', 'Mon-Wed-Fri'),
       ('FHM-23-21', 'Data Analytics', 'Admin User', '2023-10-04', 30, '2023-11-03', 'FHM', 'TP.HCM', 'Morning',
        'Admin User', '2023-10-04', '2023-10-15', 'Opening', 'TP011', 21, '01:00:00', '02:00:00', 'Mon-Wed-Fri'),
       ('FHM-23-22', 'Database Design', 'Admin User', '2023-10-04', 45, '2023-11-15', 'FHM', 'Da Nang', 'Morning',
        'Admin User', '2023-10-04', '2023-10-20', 'Opening', 'TP012', 22, '01:00:00', '02:00:00', 'Mon-Wed-Fri'),
       ('FHM-23-23', 'Frontend Development', 'Admin User', '2023-10-04', 60, '2023-11-30', 'FHM', 'Can Tho', 'Noon',
        'Admin User', '2023-10-04', '2023-10-25', 'Opening', 'TP013', 23, '01:00:00', '02:00:00', 'Mon-Wed-Fri'),
       ('FHM-23-24', 'Backend Development', 'Admin User', '2023-10-04', 50, '2023-11-25', 'FHM', 'Ha Noi', 'Noon',
        'Admin User', '2023-10-04', '2023-11-01', 'Scheduled', 'TP014', 24, '01:00:00', '02:00:00', 'Mon-Wed-Fri'),
       ('FHM-23-25', 'UI/UX Design', 'Admin User', '2023-10-04', 55, '2023-12-10', 'FHM', 'TP.HCM', 'Night',
        'Admin User', '2023-10-04', '2023-11-05', 'Scheduled', 'TP015', 25, '01:00:00', '02:00:00', 'Mon-Wed-Fri'),
       ('FHM-23-26', 'Full Stack Development', 'Admin User', '2023-10-04', 45, '2023-11-15', 'FHM', 'Da Nang', 'Night',
        'Admin User', '2023-10-04', '2023-11-10', 'Scheduled', 'TP016', 26, '01:00:00', '02:00:00', 'Mon-Wed-Fri'),
       ('FHM-23-27', 'Mobile UI Design', 'Admin User', '2023-10-04', 40, '2023-11-05', 'FHM', 'Can Tho', 'Online',
        'Admin User', '2023-10-04', '2023-11-15', 'Scheduled', 'TP017', 27, '01:00:00', '02:00:00', 'Mon-Wed-Fri'),
       ('FHM-23-28', 'Game Development', 'Admin User', '2023-10-04', 60, '2023-12-01', 'FHM', 'Ha Noi', 'Online',
        'Admin User', '2023-10-04', '2023-12-05', 'Completed', 'TP018', 28, '01:00:00', '02:00:00', 'Mon-Wed-Fri'),
       ('FHM-23-29', 'Network Security', 'Admin User', '2023-10-04', 45, '2023-11-15', 'FHM', 'TP.HCM', 'Morning',
        'Admin User', '2023-10-04', '2023-11-20', 'Completed', 'TP019', 29, '01:00:00', '02:00:00', 'Mon-Wed-Fri'),
       ('FHM-23-30', 'Software Testing', 'Admin User', '2023-10-04', 50, '2023-11-20', 'FHM', 'Da Nang', 'Morning',
        'Admin User', '2023-10-04', '2023-11-25', 'Completed', 'TP020', 30, '01:00:00', '02:00:00', 'Mon-Wed-Fri'),
       ('FHM-23-31', 'Blockchain Development', 'Admin User', '2023-10-04', 30, '2023-11-03', 'FHM', 'TP.HCM',
        'Morning', 'Admin User', '2023-10-04', '2023-10-15', 'Opening', 'TP021', 31, '01:00:00', '02:00:00', 'Mon-Wed-Fri'),
       ('FHM-23-32', 'Data Warehousing', 'Admin User', '2023-10-04', 45, '2023-11-15', 'FHM', 'Da Nang', 'Morning',
        'Admin User', '2023-10-04', '2023-10-20', 'Opening', 'TP022', 32, '01:00:00', '02:00:00', 'Mon-Wed-Fri'),
       ('FHM-23-33', 'Cloud Security', 'Admin User', '2023-10-04', 60, '2023-11-30', 'FHM', 'Can Tho', 'Noon',
        'Admin User', '2023-10-04', '2023-10-25', 'Opening', 'TP023', 33, '01:00:00', '02:00:00', 'Mon-Wed-Fri'),
       ('FHM-23-34', 'IoT Development', 'Admin User', '2023-10-04', 50, '2023-11-25', 'FHM', 'Ha Noi', 'Noon',
        'Admin User', '2023-10-04', '2023-11-01', 'Opening', 'TP024', 34, '01:00:00', '02:00:00', 'Mon-Wed-Fri'),
       ('FHM-23-35', 'Digital Marketing', 'Admin User', '2023-10-04', 55, '2023-12-10', 'FHM', 'TP.HCM', 'Night',
        'Admin User', '2023-10-04', '2023-11-05', 'Opening', 'TP025', 35, '01:00:00', '02:00:00', 'Mon-Wed-Fri'),
       ('FHM-23-36', 'UI/UX Development', 'Admin User', '2023-10-04', 45, '2023-11-15', 'FHM', 'Da Nang', 'Night',
        'Admin User', '2023-10-04', '2023-11-10', 'Scheduled', 'TP026', 36, '01:00:00', '02:00:00', 'Mon-Wed-Fri'),
       ('FHM-23-37', 'Big Data Analytics', 'Admin User', '2023-10-04', 40, '2023-11-05', 'FHM', 'Can Tho', 'Online',
        'Admin User', '2023-10-04', '2023-11-15', 'Scheduled', 'TP027', 37, '01:00:00', '02:00:00', 'Mon-Wed-Fri'),
       ('FHM-23-38', 'AI for Business', 'Admin User', '2023-10-04', 60, '2023-12-01', 'FHM', 'Ha Noi', 'Online',
        'Admin User', '2023-10-04', '2023-12-05', 'Scheduled', 'TP028', 38, '01:00:00', '02:00:00', 'Mon-Wed-Fri'),
       ('FHM-23-39', 'Web Security', 'Admin User', '2023-10-04', 45, '2023-11-15', 'FHM', 'TP.HCM', 'Morning',
        'Admin User', '2023-10-04', '2023-11-20', 'Scheduled', 'TP029', 39, '01:00:00', '02:00:00', 'Mon-Wed-Fri'),
       ('FHM-23-40', 'IT Project Management', 'Admin User', '2023-10-04', 50, '2023-11-20', 'FHM', 'Da Nang',
        'Morning', 'Admin User', '2023-10-04', '2023-11-25', 'Completed', 'TP030', 40, '01:00:00', '02:00:00', 'Mon-Wed-Fri'),
       ('FHM-23-41', 'Cloud Architecture', 'Admin User', '2023-10-04', 30, '2023-11-03', 'FHM', 'TP.HCM', 'Morning',
        'Admin User', '2023-10-04', '2023-10-15', 'Completed', 'TP031', 41, '01:00:00', '02:00:00', 'Mon-Wed-Fri'),
       ('FHM-23-42', 'DevOps Fundamentals', 'Admin User', '2023-10-04', 45, '2023-11-15', 'FHM', 'Da Nang', 'Morning',
        'Admin User', '2023-10-04', '2023-10-20', 'Completed', 'TP032', 42, '01:00:00', '02:00:00', 'Mon-Wed-Fri'),
       ('FHM-23-43', 'Network Administration', 'Admin User', '2023-10-04', 60, '2023-11-30', 'FHM', 'Can Tho', 'Noon',
        'Admin User', '2023-10-04', '2023-10-25', 'Planning', 'TP033', 43, '01:00:00', '02:00:00', 'Mon-Wed-Fri'),
       ('FHM-23-44', 'Database Security', 'Admin User', '2023-10-04', 50, '2023-11-25', 'FHM', 'Ha Noi', 'Noon',
        'Admin User', '2023-10-04', '2023-11-01', 'Planning', 'TP034', 44, '01:00:00', '02:00:00', 'Mon-Wed-Fri'),
       ('FHM-23-45', 'Programming in Java', 'Admin User', '2023-10-04', 55, '2023-12-10', 'FHM', 'TP.HCM', 'Night',
        'Admin User', '2023-10-04', '2023-11-05', 'Planning', 'TP035', 45, '01:00:00', '02:00:00', 'Mon-Wed-Fri'),
       ('FHM-23-46', 'Python for Data Analysis', 'Admin User', '2023-10-04', 45, '2023-11-15', 'FHM', 'Da Nang',
        'Night', 'Admin User', '2023-10-04', '2023-11-10', 'Planning', 'TP036', 46, '01:00:00', '02:00:00', 'Mon-Wed-Fri'),
       ('FHM-23-47', 'Web Development with React', 'Admin User', '2023-10-04', 40, '2023-11-05', 'FHM', 'Can Tho',
        'Online', 'Admin User', '2023-10-04', '2023-11-15', 'Planning', 'TP037', 47, '01:00:00', '02:00:00', 'Mon-Wed-Fri'),
       ('FHM-23-48', 'iOS App Development', 'Admin User', '2023-10-04', 60, '2023-12-01', 'FHM', 'Ha Noi', 'Online',
        'Admin User', '2023-10-04', '2023-12-05', 'Planning', 'TP038', 48, '01:00:00', '02:00:00', 'Mon-Wed-Fri'),
       ('FHM-23-49', 'Android App Development', 'Admin User', '2023-10-04', 45, '2023-11-15', 'FHM', 'TP.HCM',
        'Morning', 'Admin User', '2023-10-04', '2023-11-20', 'Planning', 'TP039', 49, '01:00:00', '02:00:00', 'Mon-Wed-Fri'),
       ('FHM-23-50', 'Machine Learning with TensorFlow', 'Admin User', '2023-10-04', 50, '2023-11-20', 'FHM',
        'Da Nang', 'Morning', 'Admin User', '2023-10-04', '2023-11-25', 'Planning', 'TP040', 50, '01:00:00',
        '02:00:00', 'Mon-Wed-Fri');

INSERT INTO tbl_class_user (user_type,
                            class_id,
                            user_id)
VALUES ('ADMIN', 1, 2),
       ('TRAINER', 1, 3),
       ('TRAINER', 1, 4),
       ('ADMIN', 2, 1),
       ('TRAINER', 2, 3),
       ('TRAINER', 2, 5),
       ('ADMIN', 3, 1),
       ('TRAINER', 3, 3),
       ('ADMIN', 3, 7),
       ('ADMIN', 3, 8),
       ('ADMIN', 4, 2),
       ('ADMIN', 4, 5),
       ('ADMIN', 4, 6),
       ('ADMIN', 5, 1),
       ('ADMIN', 5, 3),
       ('ADMIN', 5, 7),
       ('ADMIN', 5, 8),
       ('ADMIN', 6, 2),
       ('ADMIN', 6, 4),
       ('ADMIN', 6, 6),
       ('ADMIN', 6, 9),
       ('ADMIN', 7, 1),
       ('ADMIN', 7, 2),
       ('ADMIN', 7, 4),
       ('ADMIN', 7, 6),
       ('ADMIN', 8, 3),
       ('ADMIN', 8, 5),
       ('ADMIN', 8, 7),
       ('TRAINER', 8, 9),
       ('TRAINER', 9, 1),
       ('TRAINER', 9, 2),
       ('TRAINER', 9, 3),
       ('TRAINER', 9, 4),
       ('TRAINER', 10, 5),
       ('TRAINER', 10, 6),
       ('TRAINER', 10, 7),
       ('TRAINER', 10, 8),
       ('TRAINER', 11, 3),
       ('TRAINER', 11, 4),
       ('TRAINER', 11, 5),
       ('TRAINER', 12, 2),
       ('TRAINER', 12, 6),
       ('TRAINER', 12, 8),
       ('TRAINER', 13, 1),
       ('TRAINER', 13, 3),
       ('TRAINER', 13, 9),
       ('TRAINER', 14, 2),
       ('TRAINER', 14, 4),
       ('TRAINER', 14, 6),
       ('TRAINER', 14, 8),
       ('TRAINER', 15, 1),
       ('TRAINER', 15, 3),
       ('TRAINER', 15, 7),
       ('TRAINER', 15, 9),
       ('ADMIN', 16, 1),
       ('ADMIN', 16, 2),
       ('ADMIN', 16, 3),
       ('ADMIN', 16, 4),
       ('ADMIN', 16, 5),
       ('ADMIN', 16, 6),
       ('ADMIN', 16, 7),
       ('ADMIN', 16, 8),
       ('ADMIN', 16, 9),
       ('ADMIN', 16, 10);


INSERT INTO tbl_learning_objective (
    code,
    description,
    name,
    type
) VALUES
      ('H4SD', 'Description for H4SD', 'Learning Objective 1', 'Type A'),
      ('K1SD', 'Description for K1SD', 'Learning Objective 2', 'Type B'),
      ('K5SD', 'Description for K5SD', 'Learning Objective 3', 'Type A'),
      ('H3SD', 'Description for H3SD', 'Learning Objective 4', 'Type B'),
      ('H9SD', 'Description for H9SD', 'Learning Objective 5', 'Type A'),
      ('A5SD', 'Description for A5SD', 'Learning Objective 6', 'Type B'),
      ('M6SD', 'Description for M6SD', 'Learning Objective 7', 'Type A'),
      ('H7SD', 'Description for H7SD', 'Learning Objective 8', 'Type B'),
      ('K3SD', 'Description for K3SD', 'Learning Objective 9', 'Type A'),
      ('H6SD', 'Description for H6SD', 'Learning Objective 10', 'Type B'),
--      new data
      ('H1SD', 'Description for H1SD', 'Learning Objective 11', 'Type A'),
      ('H2SD', 'Description for H2SD', 'Learning Objective 12', 'Type B'),
      ('K2SD', 'Description for K2SD', 'Learning Objective 13', 'Type A'),
      ('K4SD', 'Description for K4SD', 'Learning Objective 14', 'Type C'),
      ('M1SD', 'Description for M1SD', 'Learning Objective 15', 'Type C'),
      ('M2SD', 'Description for M2SD', 'Learning Objective 16', 'Type B'),
      ('M3SD', 'Description for M3SD', 'Learning Objective 17', 'Type C'),
      ('A1SD', 'Description for A1SD', 'Learning Objective 18', 'Type B'),
      ('A2SD', 'Description for A2SD', 'Learning Objective 19', 'Type C'),
      ('A3SD', 'Description for A3SD', 'Learning Objective 20', 'Type C');

INSERT INTO tbl_syllabus_objective (
    objective_code,
    syllabus_id
) VALUES
      ('H4SD', 1),
      ('H4SD', 2),
      ('H4SD', 3),
      ('H4SD', 4),
      ('H4SD', 5),
      ('H4SD', 6),
      ('K1SD', 7),
      ('K1SD', 8),
      ('K1SD', 9),
      ('K1SD', 10),
--      new data
      ('K5SD', 11),
      ('K5SD', 12),
      ('K5SD', 13),
      ('H3SD', 14),
      ('H3SD', 15),
      ('H3SD', 16),
      ('H1SD', 17),
      ('H1SD', 18),
      ('A5SD', 19),
      ('A5SD', 20),

    ('A5SD', 21),
    ('M6SD', 22),
    ('M6SD', 23),
    ('M6SD', 24),
    ('H7SD', 25),
    ('H7SD', 26),
    ('H7SD', 27),
    ('H7SD', 48),
    ('K3SD', 28),
    ('K3SD', 29),
    ('K3SD', 45),
    ('H6SD', 30),
    ('H6SD', 31),
    ('H6SD', 32),
    ('H6SD', 33),
    ('H1SD', 34),
    ('H1SD', 35),
    ('H1SD', 36),
    ('H1SD', 37),
    ('H2SD', 38),
    ('H2SD', 43),
    ('H2SD', 39),
    ('K2SD', 40),
    ('K2SD', 41),
    ('K4SD', 2),
    ('K4SD', 3),
    ('K4SD', 50),
    ('A3SD', 46),
    ('A1SD', 46),
    ('A1SD', 44),
    ('M1SD', 4),
    ('M1SD', 5),
    ('M1SD', 47),
    ('M2SD', 6),
    ('M2SD', 7),
    ('M2SD', 8),
    ('M2SD', 9),
    ('M3SD', 10),
    ('M3SD', 42),
 ---more data
    ('K2SD', 1),
    ('M3SD', 1),
    ('A1SD', 1),
    ('A2SD', 1);



INSERT INTO tbl_training_unit (
    unit_code,
    day_number,
    syllabus_id,
    unit_name,
    unit_number
) VALUES
      ('U01', 1, 1, 'Unit 1', 1),
      ('U02', 1, 2, 'Unit 2', 1),
      ('U03', 1, 3, 'Unit 3', 1),
      ('U04', 1, 4, 'Unit 4', 1),
      ('U05', 1, 5, 'Unit 5', 1),
      ('U06', 1, 6, 'Unit 6', 1),
      ('U07', 1, 7, 'Unit 7', 1),
      ('U08', 1, 8, 'Unit 8', 1),
      ('U09', 1, 9, 'Unit 9', 1),
      ('U10', 1, 10, 'Unit 10', 1),
--    new data
      ('U11', 2, 1, 'Unit 11', 2),
      ('U12', 2, 4, 'Unit 12', 2),
      ('U13', 2, 6, 'Unit 13', 2),
      ('U14', 2, 7, 'Unit 14', 2),
      ('U15', 2, 9, 'Unit 15', 2),
      ('U16', 2, 10, 'Unit 16', 2),
      ('U17', 3, 1, 'Unit 17', 3),
      ('U18', 3, 1, 'Unit 18', 4),
      ('U19', 2, 3, 'Unit 19', 2),
      ('U20', 3, 10, 'Unit 20', 3),
    ('U21', 1, 12, 'Unit 21', 1),
    ('U22', 1, 32, 'Unit 22', 1),
    ('U23', 1, 41, 'Unit 23', 1),
    ('U24', 1, 50, 'Unit 24', 1),
    ('U25', 1, 46, 'Unit 25', 1),
    ('U26', 1, 27, 'Unit 26', 1),
    ('U27', 1, 18, 'Unit 27', 1),
    ('U28', 1, 39, 'Unit 28', 1),
    ('U29', 1, 20, 'Unit 29', 1),
    ('U30', 1, 21, 'Unit 30', 1),
    ('U31', 1, 42, 'Unit 31', 1),
    ('U32', 1, 43, 'Unit 32', 1),
    ('U33', 1, 14, 'Unit 33', 1),
    ('U34', 1, 25, 'Unit 34', 1),
    ('U35', 1, 16, 'Unit 35', 1),
    ('U36', 1, 17, 'Unit 36', 1),
    ('U37', 2, 18, 'Unit 37', 2),
    ('U38', 1, 19, 'Unit 38', 1),
    ('U39', 4, 10, 'Unit 39', 4),
    ('U40', 1, 31, 'Unit 40', 1),
    ('U41', 1, 22, 'Unit 41', 1),
    ('U42', 2, 43, 'Unit 42', 2),
    ('U43', 1, 44, 'Unit 43', 1),
    ('U44', 1, 45, 'Unit 44', 1),
    ('U45', 2, 46, 'Unit 45', 2),
    ('U46', 1, 47, 'Unit 46', 1),
    ('U47', 1, 48, 'Unit 47', 1),
    ('U48', 1, 29, 'Unit 48', 1),
    ('U49', 1, 30, 'Unit 49', 1),
    ('U50', 2, 21, 'Unit 50', 1);


INSERT INTO tbl_training_content (
    content,
    delivery_type,
    duration,
    note,
    training_format,
    learning_objective_code,
    unit_code
) VALUES
      ('Content for Unit 1', 'ASSIGNMENT_LAB', 60, 'Note for Unit 1', 'ONLINE', 'H4SD', 'U01'),
      ('Content for Unit 2', 'CONCEPT_LECTURE', 45, 'Note for Unit 2', 'OFFLINE', 'H4SD', 'U02'),
      ('Content for Unit 3', 'GUIDES_REVIEW', 50, 'Note for Unit 3', 'ONLINE', 'H4SD', 'U03'),
      ('Content for Unit 4', 'TEST_QUIZ', 40, 'Note for Unit 4', 'OFFLINE', 'H4SD', 'U04'),
      ('Content for Unit 5', 'EXAM', 55, 'Note for Unit 5', 'ONLINE', 'H4SD', 'U05'),
      ('Content for Unit 6', 'SEMINAR_WORKSHOP', 60, 'Note for Unit 6', 'OFFLINE',  'H4SD', 'U06'),
      ('Content for Unit 7', 'ASSIGNMENT_LAB', 45, 'Note for Unit 7', 'ONLINE', 'K1SD', 'U07'),
      ('Content for Unit 8', 'TEST_QUIZ', 50, 'Note for Unit 8', 'OFFLINE', 'K1SD', 'U08'),
      ('Content for Unit 9', 'TEST_QUIZ', 60, 'Note for Unit 9', 'ONLINE', 'K1SD', 'U09'),
      ('Content for Unit 10', 'CONCEPT_LECTURE', 70, 'Note for Unit 10', 'OFFLINE', 'K1SD', 'U10'),
--    new data
      ('Content for Unit 11', 'SEMINAR_WORKSHOP', 90, 'Note for Unit 11', 'ONLINE', 'M3SD', 'U11'),
      ('Content for Unit 12', 'ASSIGNMENT_LAB', 60, 'Note for Unit 12', 'ONLINE', 'M1SD', 'U12'),
      ('Content for Unit 13', 'GUIDES_REVIEW', 70, 'Note for Unit 13', 'ONLINE', 'M2SD', 'U13'),
      ('Content for Unit 14', 'ASSIGNMENT_LAB', 30, 'Note for Unit 14', 'OFFLINE', 'M2SD', 'U14'),
      ('Content for Unit 15', 'EXAM', 60, 'Note for Unit 15', 'OFFLINE', 'M2SD', 'U15'),
      ('Content for Unit 16', 'SEMINAR_WORKSHOP', 60, 'Note for Unit 16', 'ONLINE', 'K1SD', 'U16'),
      ('Content for Unit 17', 'GUIDES_REVIEW', 90, 'Note for Unit 17', 'OFFLINE',  'A2SD', 'U17'),
      ('Content for Unit 18', 'CONCEPT_LECTURE', 50, 'Note for Unit 18', 'OFFLINE', 'K2SD', 'U18'),
      ('Content for Unit 19', 'TSEMINAR_WORKSHOP', 40, 'Note for Unit 19', 'ONLINE', 'K4SD', 'U19'),
      ('Content for Unit 20', 'CONCEPT_LECTURE', 35, 'Note for Unit 20', 'OFFLINE', 'M3SD', 'U20'),
    ('Content for Unit 21', 'ASSIGNMENT_LAB', 60, 'Note for Unit 21', 'ONLINE', 'K5SD', 'U21'),
    ('Content for Unit 22', 'CONCEPT_LECTURE', 45, 'Note for Unit 22', 'OFFLINE','H6SD', 'U22'),
    ('Content for Unit 23', 'GUIDES_REVIEW', 50, 'Note for Unit 23', 'ONLINE', 'K2SD', 'U23'),
    ('Content for Unit 24', 'TEST_QUIZ', 40, 'Note for Unit 24', 'OFFLINE', 'K4SD', 'U24'),
    ('Content for Unit 25', 'EXAM', 55, 'Note for Unit 25', 'ONLINE','A3SD', 'U25'),
    ('Content for Unit 26', 'SEMINAR_WORKSHOP', 60, 'Note for Unit 26', 'OFFLINE','H7SD', 'U26'),
    ('Content for Unit 27', 'ASSIGNMENT_LAB', 45, 'Note for Unit 27', 'ONLINE', 'H1SD', 'U27'),
    ('Content for Unit 28', 'TEST_QUIZ', 50, 'Note for Unit 28', 'OFFLINE','H2SD', 'U28'),
    ('Content for Unit 29', 'TEST_QUIZ', 60, 'Note for Unit 29', 'ONLINE', 'A5SD', 'U29'),
    ('Content for Unit 30', 'CONCEPT_LECTURE', 70, 'Note for Unit 30', 'OFFLINE', 'A5SD', 'U30'),
    ('Content for Unit 31', 'ASSIGNMENT_LAB', 90, 'Note for Unit 31', 'ONLINE','M3SD', 'U31'),
    ('Content for Unit 32', 'ASSIGNMENT_LAB', 60, 'Note for Unit 32', 'ONLINE','H2SD', 'U32'),
    ('Content for Unit 33', 'GUIDES_REVIEW', 70, 'Note for Unit 33', 'ONLINE', 'H3SD', 'U33'),
    ('Content for Unit 34', 'ASSIGNMENT_LAB', 30, 'Note for Unit 34', 'OFFLINE','H7SD', 'U34'),
    ('Content for Unit 35', 'EXAM', 60, 'Note for Unit 35', 'OFFLINE', 'H3SD', 'U35'),
    ('Content for Unit 36', 'SEMINAR_WORKSHOP', 60, 'Note for Unit 36', 'ONLINE',  'H1SD', 'U36'),
    ('Content for Unit 37', 'ASSIGNMENT_LAB', 90, 'Note for Unit 37', 'OFFLINE',  'H1SD', 'U37'),
    ('Content for Unit 38', 'ASSIGNMENT_LAB', 50, 'Note for Unit 38', 'OFFLINE', 'A5SD', 'U38'),
    ('Content for Unit 39', 'SEMINAR_WORKSHOP', 40, 'Note for Unit 39', 'ONLINE', 'M3SD', 'U39'),
    ('Content for Unit 40', 'CONCEPT_LECTURE', 35, 'Note for Unit 40', 'OFFLINE', 'H6SD', 'U40'),
      ('Content for Unit 41', 'ASSIGNMENT_LAB', 60, 'Note for Unit 41', 'ONLINE', 'M6SD', 'U41'),
      ('Content for Unit 42', 'CONCEPT_LECTURE', 45, 'Note for Unit 42', 'OFFLINE', 'H2SD', 'U42'),
      ('Content for Unit 43', 'GUIDES_REVIEW', 50, 'Note for Unit 43', 'ONLINE', 'A1SD', 'U43'),
      ('Content for Unit 44', 'TEST_QUIZ', 40, 'Note for Unit 44', 'OFFLINE', 'K3SD', 'U44'),
      ('Content for Unit 45', 'EXAM', 55, 'Note for Unit 45', 'ONLINE', 'A1SD', 'U45'),
      ('Content for Unit 46', 'SEMINAR_WORKSHOP', 60, 'Note for Unit 46', 'OFFLINE','M1SD', 'U46'),
      ('Content for Unit 47', 'ASSIGNMENT_LAB', 45, 'Note for Unit 47', 'ONLINE', 'H7SD', 'U47'),
      ('Content for Unit 48', 'TEST_QUIZ', 50, 'Note for Unit 48', 'OFFLINE', 'K3SD', 'U48'),
      ('Content for Unit 49', 'TEST_QUIZ', 60, 'Note for Unit 49', 'ONLINE', 'H6SD', 'U49'),
      ('Content for Unit 50', 'CONCEPT_LECTURE', 70, 'Note for Unit 50', 'OFFLINE', 'A5SD', 'U50'),
---more data
    ('Content for Unit 51', 'EXAM', 25, 'Note for Unit 51', 'OFFLINE', 'K2SD', 'U01'),
    ('Content for Unit 52', 'TEST_QUIZ', 26, 'Note for Unit 52', 'ONLINE', 'M3SD', 'U11'),
    ('Content for Unit 53', 'EXAM', 26, 'Note for Unit 53', 'ONLINE', 'M3SD', 'U01'),
    ('Content for Unit 54', 'TEST_QUIZ', 27, 'Note for Unit 54', 'OFFLINE', 'A1SD', 'U11'),
    ('Content for Unit 55', 'SEMINAR_WORKSHOP', 27, 'Note for Unit 55', 'OFFLINE', 'M3SD', 'U17'),
    ('Content for Unit 56', 'SEMINAR_WORKSHOP', 28, 'Note for Unit 56', 'ONLINE', 'A1SD', 'U18'),
    ('Content for Unit 57', 'GUIDES_REVIEW', 25, 'Note for Unit 57', 'ONLINE', 'A1SD', 'U01'),
    ('Content for Unit 58', 'EXAM', 20, 'Note for Unit 58', 'OFFLINE', 'A2SD', 'U11'),
    ('Content for Unit 59', 'GUIDES_REVIEW', 25, 'Note for Unit 59', 'OFFLINE', 'A1SD', 'U01');
INSERT INTO tbl_material_data(name,create_date,training_content_id,create_by)
VALUES ('FAMS_PracticalBA2_User Story.xlsx','2023-10-04',1,'Admin'),
       ('FAMS_PracticalBA2_Requirement Specifications.docx','2023-10-04',2,'อานันท์'),
       ('Nui_-14-1920x1080.jpg','2023-10-04',3,'翔太'),
       ('Screenshot 2023-11-03 085157.png','2023-10-04',1,'Anna Müller'),
       ('test1.png','2023-12-04',28,'Admin'),
       ('test2.png','2023-12-04',28,'Admin'),
       ('Screenshot 2023-11-06 082351.png','2023-10-04',1,'Αχιλλέας');