


INSERT INTO tbl_attendee_types(a_type_id,
                               attendee_type)
VALUES (1, 'Intern'),
       (2, 'Fresher'),
       (3, 'Online fee-fresher'),
       (4, 'Offline fee-fresher');

INSERT INTO tbl_attendee(accepted,
                         planned,
                         actual,
                         a_type_id)
VALUES (10, 9, 8, 1),
       (10, 9, 8, 1),
       (10, 9, 8, 2),
       (10, 9, 8, 2),
       (10, 9, 8, 3),
       (10, 9, 8, 3),
       (10, 9, 8, 4),
       (10, 9, 8, 4),
       (10, 9, 8, 1),
       (10, 9, 8, 1),
       (10, 9, 8, 1),
       (10, 9, 8, 1),
       (10, 9, 8, 2),
       (10, 9, 8, 2),
       (10, 9, 8, 3),
       (10, 9, 8, 3),
       (10, 9, 8, 4),
       (10, 9, 8, 4),
       (10, 9, 8, 1),
       (10, 9, 8, 1),
       (10, 9, 8, 1),
       (10, 9, 8, 1),
       (10, 9, 8, 2),
       (10, 9, 8, 2),
       (10, 9, 8, 3),
       (10, 9, 8, 3),
       (10, 9, 8, 4),
       (10, 9, 8, 4),
       (10, 9, 8, 1),
       (10, 9, 8, 1),
       (10, 9, 8, 1),
       (10, 9, 8, 1),
       (10, 9, 8, 2),
       (10, 9, 8, 2),
       (10, 9, 8, 3),
       (10, 9, 8, 3),
       (10, 9, 8, 4),
       (10, 9, 8, 4),
       (10, 9, 8, 1),
       (10, 9, 8, 1),
       (10, 9, 8, 1),
       (10, 9, 8, 1),
       (10, 9, 8, 2),
       (10, 9, 8, 2),
       (10, 9, 8, 3),
       (10, 9, 8, 3),
       (10, 9, 8, 4),
       (10, 9, 8, 4),
       (10, 9, 8, 1),
       (10, 9, 8, 1);

INSERT INTO tbl_user_permission
(role, class, learning_material, syllabus, user_management, training_program)
VALUES
    ('SUPER_ADMIN', 'FULL_ACCESS', 'FULL_ACCESS', 'FULL_ACCESS', 'FULL_ACCESS', 'FULL_ACCESS'),
    ('ADMIN', 'FULL_ACCESS', 'FULL_ACCESS', 'FULL_ACCESS', 'VIEW', 'FULL_ACCESS'),
    ('TRAINER', 'VIEW', 'MODIFY', 'VIEW', 'VIEW', 'VIEW');

INSERT INTO tbl_user (
    create_by,
    create_date,
    dob,
    email,
    password,
    gender,
    modified_by,
    modified_date,
    name,
    phone,
    status,
    role
) VALUES
      ('Admin User', '2023-10-04', '1990-01-15', 'admin@example.com', 'AnBaToCom@123', 'Male', 'Admin User', '2023-10-04', 'Admin User', '0234567890', true, 1),
      ('Admin User', '2023-10-04', '1985-05-20', 'instructor@example.com', 'AnBaToCom@123', 'Female', 'Admin User', '2023-10-04', 'Admin', '0876543210', true, 2),
      ('Admin User', '2023-10-04', '1998-09-03', 'trainer@example.com', 'AnBaToCom@123', 'Male', 'Admin User', '2023-10-04', 'Trainer', '0239876543', true, 3),
      ('Admin User', '2023-10-04', '1995-02-28', 'student2@example.com', 'AnBaToCom@123', 'Female', 'Admin User', '2023-10-04', 'Student 2', '0890123456', true, 4),
      ('Admin User', '2023-10-04', '1992-11-10', 'student3@example.com', 'AnBaToCom@123', 'Male', 'Admin User', '2023-10-04', 'Student 3', '0345678901', true, 4),
      ('Admin User', '2023-10-04', '1994-04-05', 'student4@example.com', 'AnBaToCom@123', 'Female', 'Admin User', '2023-10-04', 'Student 4', '0789012345', true, 4),
      ('Admin User', '2023-10-04', '1991-07-20', 'student5@example.com', 'AnBaToCom@123', 'Male', 'Admin User', '2023-10-04', 'Student 5', '0456789012', true, 4),
      ('Admin User', '2023-10-04', '1993-03-15', 'student6@example.com', 'AnBaToCom@123', 'Female', 'Admin User', '2023-10-04', 'Student 6', '0567890123', true, 4),
      ('Admin User', '2023-10-04', '1997-08-25', 'student7@example.com', 'AnBaToCom@123', 'Male', 'Admin User', '2023-10-04', 'Student 7', '0678901234', true, 4),
      ('Test User', '2023-10-04', '1996-06-30', 'test@example.com', '$2a$10$n7nBnHiYNS8AcaMyKcQd4OSgTjCVX3o/lc2IKWgQygtMf65QT3MUG', 'Female', 'Tester', '2023-10-04', 'Student 8', '0864456789', true, 4),
      ('Admin User', '2023-10-31', '1990-05-15', 'user1@example.com', 'password1', 'Male', 'admin', '2023-10-31', 'John Doe', '1234567890', 'true', '4'),
      ('Admin User', '2023-10-31', '1985-08-22', 'user2@example.com', 'password2', 'Female', 'admin', '2023-10-31', 'Jane Smith', '9876543210', 'true', '4'),
      ('Admin User', '2023-10-31', '1992-03-10', 'user3@example.com', 'password3', 'Male', 'admin', '2023-10-31', 'Michael Johnson', '3456789012', 'true', '4'),
      ('Admin User', '2023-10-31', '1988-12-05', 'user4@example.com', 'password4', 'Female', 'admin', '2023-10-31', 'Emily Brown', '5678901234', 'true', '2'),
      ('Admin User', '2023-10-31', '1995-07-18', 'user5@example.com', 'password5', 'Male', 'admin', '2023-10-31', 'David Wilson', '6789012345', 'true', '4'),
      ('Admin User', '2023-10-31', '1983-09-27', 'user6@example.com', 'password6', 'Female', 'admin', '2023-10-31', 'Amanda Lee', '7890123456', 'true', '4'),
      ('Admin User', '2023-10-31', '1991-11-12', 'user7@example.com', 'password7', 'Male', 'admin', '2023-10-31', 'Christopher Clark', '8901234567', 'true', '3'),
      ('Admin User', '2023-10-31', '1987-04-09', 'user8@example.com', 'password8', 'Female', 'admin', '2023-10-31', 'Sarah Hall', '9012345678', 'true', '2'),
      ('Admin User', '2023-10-31', '1993-02-28', 'user9@example.com', 'password9', 'Male', 'admin', '2023-10-31', 'Jessica White', '0123456789', 'true', '4'),
      ('Admin User', '2023-10-31', '1986-06-14', 'user10@example.com', 'password10', 'Female', 'admin', '2023-10-31', 'Ryan Martinez', '2345678901', 'true', '3'),
      ('Admin User', '2023-10-31', '1994-08-03', 'user11@example.com', 'password11', 'Male', 'admin', '2023-10-31', 'Linda Davis', '3456789012', 'true', '4'),
      ('Admin User', '2023-10-31', '1989-01-25', 'user12@example.com', 'password12', 'Female', 'admin', '2023-10-31', 'Daniel Evans', '4567890123', 'true', '4'),
      ('Admin User', '2023-10-31', '1996-12-08', 'user13@example.com', 'password13', 'Male', 'admin', '2023-10-31', 'Emma Allen', '5678901234', 'true', '2'),
      ('Admin User', '2023-10-31', '1984-03-17', 'user14@example.com', 'password14', 'Female', 'admin', '2023-10-31', 'William Turner', '6789012345', 'true', '3'),
      ('Admin User', '2023-10-31', '1990-09-30', 'user15@example.com', 'password15', 'Male', 'admin', '2023-10-31', 'Olivia Hill', '7890123456', 'true', '3'),
      ('Admin User', '2023-10-31', '1985-05-22', 'user16@example.com', 'password16', 'Female', 'admin', '2023-10-31', 'James Walker', '8901234567', 'true', '4'),
      ('Admin User', '2023-10-31', '1992-07-11', 'user17@example.com', 'password17', 'Male', 'admin', '2023-10-31', 'Sophia Cooper', '9012345678', 'true', '2'),
      ('Admin User', '2023-10-31', '1988-11-04', 'user18@example.com', 'password18', 'Female', 'admin', '2023-10-31', 'Christopher Lopez', '0123456789', 'true', '4'),
      ('Admin User', '2023-10-31', '1995-01-19', 'user19@example.com', 'password19', 'Male', 'admin', '2023-10-31', 'Ava Young', '1234567890', 'true', '4'),
      ('Admin User', '2023-10-31', '1983-12-12', 'user20@example.com', 'password20', 'Female', 'admin', '2023-10-31', 'Benjamin Adams', '2345678901', 'true', '4'),
      ('Admin User', '2023-10-31', '1991-06-06', 'user21@example.com', 'password21', 'Male', 'admin', '2023-10-31', 'Madison Wright', '3456789012', 'true', '4'),
      ('Admin User', '2023-10-31', '1987-02-14', 'user22@example.com', 'password22', 'Female', 'admin', '2023-10-31', 'John Harris', '4567890123', 'true', '4'),
      ('Admin User', '2023-10-31', '1993-04-23', 'user23@example.com', 'password23', 'Male', 'admin', '2023-10-31', 'Amelia Nelson', '5678901234', 'true', '4'),
      ('Admin User', '2023-10-31', '1986-08-01', 'user24@example.com', 'password24', 'Female', 'admin', '2023-10-31', 'Daniel Baker', '6789012345', 'true', '4'),
      ('Admin User', '2023-10-31', '1994-10-05', 'user25@example.com', 'password25', 'Male', 'admin', '2023-10-31', 'Emma Turner', '7890123456', 'true', '4'),
      ('Admin User', '2023-10-31', '1989-11-18', 'user26@example.com', 'password26', 'Female', 'admin', '2023-10-31', 'James Scott', '8901234567', 'true', '3'),
      ('Admin User', '2023-10-31', '1997-02-22', 'user27@example.com', 'password27', 'Male', 'admin', '2023-10-31', 'Olivia Moore', '9012345678', 'true', '3'),
      ('Admin User', '2023-10-31', '1982-06-14', 'user28@example.com', 'password28', 'Female', 'admin', '2023-10-31', 'William King', '0123456789', 'true', '3'),
      ('Admin User', '2023-10-31', '1996-08-30', 'user29@example.com', 'password29', 'Male', 'admin', '2023-10-31', 'Sophia Murphy', '2345678901', 'true', '4'),
      ('Admin User', '2023-10-31', '1984-03-25', 'user30@example.com', 'password30', 'Female', 'admin', '2023-10-31', 'Noah Lewis', '3456789012', 'true', '4'),
      ('Admin User', '2023-10-31', '1992-07-18', 'user31@example.com', 'password31', 'Male', 'admin', '2023-10-31', 'Liam Jackson', '4567890123', 'true', '4'),
      ('Admin User', '2023-10-31', '1987-01-10', 'user32@example.com', 'password32', 'Female', 'admin', '2023-10-31', 'Ava Anderson', '5678901234', 'true', '4'),
      ('Admin User', '2023-10-31', '1995-09-02', 'user33@example.com', 'password33', 'Male', 'admin', '2023-10-31', 'Emma Wright', '6789012345', 'true', '4'),
      ('Admin User', '2023-10-31', '1983-04-14', 'user34@example.com', 'password34', 'Female', 'admin', '2023-10-31', 'Logan Parker', '7890123456', 'true', '2'),
      ('Admin User', '2023-10-31', '1991-12-28', 'user35@example.com', 'password35', 'Male', 'admin', '2023-10-31', 'Mia Baker', '8901234567', 'true', '2'),
      ('Admin User', '2023-10-31', '1986-11-07', 'user36@example.com', 'password36', 'Female', 'admin', '2023-10-31', 'Lucas Garcia', '9012345678', 'true', '2'),
      ('Admin User', '2023-10-31', '1993-05-19', 'user37@example.com', 'password37', 'Male', 'admin', '2023-10-31', 'Lily Robinson', '0123456789', 'true', '2'),
      ('Admin User', '2023-10-31', '1988-08-12', 'user38@example.com', 'password38', 'Female', 'admin', '2023-10-31', 'Ethan Wright', '1234567890', 'true', '3'),
      ('Admin User', '2023-10-31', '1990-02-09', 'user39@example.com', 'password39', 'Male', 'admin', '2023-10-31', 'Grace Perez', '2345678901', 'true', '2'),
      ('Admin User', '2023-10-31', '1985-06-26', 'user40@example.com', 'password40', 'Female', 'admin', '2023-10-31', 'Alexander Thomas', '3456789012', 'true', '2'),
      ('Admin User', '2023-10-31', '1992-07-18', 'user41@example.com', 'password41', 'Male', 'admin', '2023-10-31', 'User 1', '4567890123', 'true', '4'),
      ('Admin User', '2023-10-31', '1987-01-10', 'user42@example.com', 'password42', 'Female', 'admin', '2023-10-31', 'User 2', '5678901234', 'true', '4'),
      ('Admin User', '2023-10-31', '1995-09-02', 'user43@example.com', 'password43', 'Male', 'admin', '2023-10-31', 'User 3', '6789012345', 'true', '4'),
      ('Admin User', '2023-10-31', '1983-04-14', 'user44@example.com', 'password44', 'Female', 'admin', '2023-10-31', 'Admin 4', '7890123456', 'true', '2'),
      ('Admin User', '2023-10-31', '1991-12-28', 'user45@example.com', 'password45', 'Male', 'admin', '2023-10-31', 'Admin 5', '8901234567', 'true', '2'),
      ('Admin User', '2023-10-31', '1986-11-07', 'user46@example.com', 'password46', 'Female', 'admin', '2023-10-31', 'Admin 6', '9012345678', 'true', '2'),
      ('Admin User', '2023-10-31', '1993-05-19', 'user47@example.com', 'password47', 'Male', 'admin', '2023-10-31', 'Admin 7', '0123456789', 'true', '2'),
      ('Admin User', '2023-10-31', '1988-08-12', 'user48@example.com', 'password48', 'Female', 'admin', '2023-10-31', 'Trainer 8', '1234567890', 'true', '3'),
      ('Admin User', '2023-10-31', '1990-02-09', 'user49@example.com', 'password49', 'Male', 'admin', '2023-10-31', 'Trainer 9', '2345678901', 'true', '3'),
      ('Admin User', '2023-10-31', '1985-06-26', 'user50@example.com', 'password50', 'Female', 'admin', '2023-10-31', 'Trainer 10', '3456789012', 'true', '3');


INSERT INTO tbl_training_program (training_program_code,
                                  create_by,
                                  create_date,
                                  duration,
                                  modified_by,
                                  modified_date,
                                  name,
                                  star_time,
                                  status,
                                  general_inf,
                                  user_id)
VALUES ('TP001', 'Admin User', '10-04-2023', 30, 'Admin User', '10-04-2023', 'Program 1', '2023-11-01', 'ACTIVE',
        'Information of training program 1', 1),
       ('TP002', 'Admin User', '10-04-2023', 45, 'Admin User', '10-04-2023', 'Program 2', '2023-11-15', 'ACTIVE',
        'Information of training program 2', 2),
       ('TP003', 'Admin User', '10-04-2023', 60, 'Admin User', '10-04-2023', 'Program 3', '2023-11-30', 'ACTIVE',
        'Information of training program 3', 3),
       ('TP004', 'Admin User', '10-04-2023', 50, 'Admin User', '10-04-2023', 'Program 4', '2023-11-25', 'ACTIVE',
        'Information of training program 4', 4),
       ('TP005', 'Admin User', '10-04-2023', 55, 'Admin User', '10-04-2023', 'Program 5', '2023-12-10', 'ACTIVE',
        'Information of training program 5', 5),
       ('TP006', 'Admin User', '10-05-2023', 45, 'Admin User', '10-05-2023', 'Program 6', '2023-11-15', 'ACTIVE',
        'Information of training program 6', 6),
       ('TP007', 'Admin User', '10-05-2023', 40, 'Admin User', '10-05-2023', 'Program 7', '2023-11-05', 'ACTIVE',
        'Information of training program 7', 7),
       ('TP008', 'Admin User', '10-06-2023', 60, 'Admin User', '10-06-2023', 'Program 8', '2023-12-01', 'ACTIVE',
        'Information of training program 8', 8),
       ('TP009', 'Admin User', '10-06-2023', 45, 'Admin User', '10-06-2023', 'Program 9', '2023-11-15', 'ACTIVE',
        'Information of training program 9', 9),
       ('TP010', 'Admin User', '10-06-2023', 50, 'Admin User', '10-06-2023', 'Program 10', '2023-12-01', 'ACTIVE',
        'Information of training program 10', 10),
       ('TP011', 'Admin User', '2023-10-10', 35, 'Admin User', '2023-10-10', 'Program 11', '2023-11-05', 'ACTIVE',
        'Information of training program 11', 11),
       ('TP012', 'Admin User', '2023-10-11', 40, 'Admin User', '2023-10-11', 'Program 12', '2023-11-10', 'ACTIVE',
        'Information of training program 12', 12),
       ('TP013', 'Admin User', '2023-10-12', 55, 'Admin User', '2023-10-12', 'Program 13', '2023-11-20', 'ACTIVE',
        'Information of training program 13', 13),
       ('TP014', 'Admin User', '2023-10-13', 48, 'Admin User', '2023-10-13', 'Program 14', '2023-11-15', 'ACTIVE',
        'Information of training program 14', 14),
       ('TP015', 'Admin User', '2023-10-14', 42, 'Admin User', '2023-10-14', 'Program 15', '2023-11-25', 'ACTIVE',
        'Information of training program 15', 15),
       ('TP016', 'Admin User', '2023-10-15', 60, 'Admin User', '2023-10-15', 'Program 16', '2023-12-01', 'ACTIVE',
        'Information of training program 16', 16),
       ('TP017', 'Admin User', '2023-10-16', 38, 'Admin User', '2023-10-16', 'Program 17', '2023-11-08', 'ACTIVE',
        'Information of training program 17', 17),
       ('TP018', 'Admin User', '2023-10-17', 50, 'Admin User', '2023-10-17', 'Program 18', '2023-11-22', 'ACTIVE',
        'Information of training program 18', 18),
       ('TP019', 'Admin User', '2023-10-18', 44, 'Admin User', '2023-10-18', 'Program 19', '2023-11-17', 'ACTIVE',
        'Information of training program 19', 19),
       ('TP020', 'Admin User', '2023-10-19', 37, 'Admin User', '2023-10-19', 'Program 20', '2023-11-06', 'ACTIVE',
        'Information of training program 20', 20),
       ('TP021', 'Admin User', '2023-10-20', 41, 'Admin User', '2023-10-20', 'Program 21', '2023-11-12', 'ACTIVE',
        'Information of training program 21', 21),
       ('TP022', 'Admin User', '2023-10-21', 52, 'Admin User', '2023-10-21', 'Program 22', '2023-11-27', 'ACTIVE',
        'Information of training program 22', 22),
       ('TP023', 'Admin User', '2023-10-22', 49, 'Admin User', '2023-10-22', 'Program 23', '2023-11-24', 'ACTIVE',
        'Information of training program 23', 23),
       ('TP024', 'Admin User', '2023-10-23', 46, 'Admin User', '2023-10-23', 'Program 24', '2023-11-19', 'ACTIVE',
        'Information of training program 24', 24),
       ('TP025', 'Admin User', '2023-10-24', 39, 'Admin User', '2023-10-24', 'Program 25', '2023-11-09', 'ACTIVE',
        'Information of training program 25', 25),
       ('TP026', 'Admin User', '2023-10-25', 43, 'Admin User', '2023-10-25', 'Program 26', '2023-11-14', 'ACTIVE',
        'Information of training program 26', 26),
       ('TP027', 'Admin User', '2023-10-26', 56, 'Admin User', '2023-10-26', 'Program 27', '2023-11-23', 'ACTIVE',
        'Information of training program 27', 27),
       ('TP028', 'Admin User', '2023-10-27', 47, 'Admin User', '2023-10-27', 'Program 28', '2023-11-18', 'ACTIVE',
        'Information of training program 28', 28),
       ('TP029', 'Admin User', '2023-10-28', 54, 'Admin User', '2023-10-28', 'Program 29', '2023-11-29', 'ACTIVE',
        'Information of training program 29', 29),
       ('TP030', 'Admin User', '2023-10-29', 36, 'Admin User', '2023-10-29', 'Program 30', '2023-11-04', 'ACTIVE',
        'Information of training program 30', 30),
       ('TP031', 'Admin User', '2023-10-30', 61, 'Admin User', '2023-10-30', 'Program 31', '2023-12-02', 'ACTIVE',
        'Information of training program 31', 31),
       ('TP032', 'Admin User', '2023-10-31', 38, 'Admin User', '2023-10-31', 'Program 32', '2023-11-08', 'ACTIVE',
        'Information of training program 32', 32),
       ('TP033', 'Admin User', '2023-11-01', 51, 'Admin User', '2023-11-01', 'Program 33', '2023-11-26', 'ACTIVE',
        'Information of training program 33', 33),
       ('TP034', 'Admin User', '2023-11-02', 44, 'Admin User', '2023-11-02', 'Program 34', '2023-11-17', 'ACTIVE',
        'Information of training program 34', 34),
       ('TP035', 'Admin User', '2023-11-03', 37, 'Admin User', '2023-11-03', 'Program 35', '2023-11-06', 'ACTIVE',
        'Information of training program 35', 35),
       ('TP036', 'Admin User', '2023-11-04', 42, 'Admin User', '2023-11-04', 'Program 36', '2023-11-25', 'ACTIVE',
        'Information of training program 36', 36),
       ('TP037', 'Admin User', '2023-11-05', 58, 'Admin User', '2023-11-05', 'Program 37', '2023-12-04', 'ACTIVE',
        'Information of training program 37', 37),
       ('TP038', 'Admin User', '2023-11-06', 49, 'Admin User', '2023-11-06', 'Program 38', '2023-11-24', 'ACTIVE',
        'Information of training program 38', 38),
       ('TP039', 'Admin User', '2023-11-07', 45, 'Admin User', '2023-11-07', 'Program 39', '2023-11-20', 'ACTIVE',
        'Information of training program 39', 39),
       ('TP040', 'Admin User', '2023-11-08', 47, 'Admin User', '2023-11-08', 'Program 40', '2023-11-22', 'ACTIVE',
        'Information of training program 40', 40),
       ('TP041', 'Admin User', '2023-10-30', 61, 'Admin User', '2023-10-30', 'Program 41', '2023-12-02', 'ACTIVE',
        'Information of training program 41', 41),
       ('TP042', 'Admin User', '2023-10-31', 38, 'Admin User', '2023-10-31', 'Program 42', '2023-11-08', 'ACTIVE',
        'Information of training program 42', 42),
       ('TP043', 'Admin User', '2023-11-01', 51, 'Admin User', '2023-11-01', 'Program 43', '2023-11-26', 'ACTIVE',
        'Information of training program 43', 43),
       ('TP044', 'Admin User', '2023-11-02', 44, 'Admin User', '2023-11-02', 'Program 44', '2023-11-17', 'ACTIVE',
        'Information of training program 44', 44),
       ('TP045', 'Admin User', '2023-11-03', 37, 'Admin User', '2023-11-03', 'Program 45', '2023-11-06', 'ACTIVE',
        'Information of training program 45', 45),
       ('TP046', 'Admin User', '2023-11-04', 42, 'Admin User', '2023-11-04', 'Program 46', '2023-11-25', 'ACTIVE',
        'Information of training program 46', 46),
       ('TP047', 'Admin User', '2023-11-05', 58, 'Admin User', '2023-11-05', 'Program 47', '2023-12-04', 'ACTIVE',
        'Information of training program 47', 47),
       ('TP048', 'Admin User', '2023-11-06', 49, 'Admin User', '2023-11-06', 'Program 48', '2023-11-24', 'ACTIVE',
        'Information of training program 48', 48),
       ('TP049', 'Admin User', '2023-11-07', 45, 'Admin User', '2023-11-07', 'Program 49', '2023-11-20', 'ACTIVE',
        'Information of training program 49', 49),
       ('TP050', 'Admin User', '2023-11-08', 47, 'Admin User', '2023-11-08', 'Program 50', '2023-11-22', 'ACTIVE',
        'Information of training program 50', 50);


INSERT INTO tbl_syllabus (
    topic_code,
    create_by,
    create_date,
    modified_by,
    modified_date,
    priority,
    public_status,
    technical_group,
    topic_name,
    topic_outline,
    training_audience,
    training_materials,
    training_principles_training,
    training_principles_retest,
    training_principles_marking,
    training_principles_criteria,
    training_principles_others,
    version,
    status,
    assessment_scheme
) VALUES
      ('T001', 'Admin User', '2023-10-04', 'Admin User', '2023-10-04', 'HIGH', 'PUBLIC', 'Technical Group A', 'Topic 1', 'Outline for Topic 1', 30, 'Materials for Topic 1', 'PrinciplesTraining for Topic 1','PrinciplesRetest for Topic 1','PrinciplesMarking for Topic 1','PrinciplesCriteria for Topic 1','PrinciplesOthers for Topic 1', '1.0.0','Active','15,15,70,40,60,70'),
      ('T002', 'Admin User', '2023-10-04', 'Admin User', '2023-10-04', 'MEDIUM', 'PUBLIC', 'Technical Group B', 'Topic 2', 'Outline for Topic 2', 20, 'Materials for Topic 2', 'PrinciplesTraining for Topic 2','PrinciplesRetest for Topic 2','PrinciplesMarking for Topic 2','PrinciplesCriteria for Topic 2','PrinciplesOthers for Topic 2', '1.0.0','Inactive','15,15,70,40,60,70'),
      ('T003', 'Admin User', '2023-10-04', 'Admin User', '2023-10-04', 'LOW', 'PRIVATE', 'Technical Group C', 'Topic 3', 'Outline for Topic 3', 25, 'Materials for Topic 3', 'PrinciplesTraining for Topic 3','PrinciplesRetest for Topic 3','PrinciplesMarking for Topic 3','PrinciplesCriteria for Topic 3','PrinciplesOthers for Topic 3', '1.0.0','Active','15,15,70,40,60,70'),
      ('T004', 'Admin User', '2023-10-04', 'Admin User', '2023-10-04', 'HIGH', 'PUBLIC', 'Technical Group A', 'Topic 4', 'Outline for Topic 4', 30, 'Materials for Topic 4', 'PrinciplesTraining for Topic 4','PrinciplesRetest for Topic 4','PrinciplesMarking for Topic 4','PrinciplesCriteria for Topic 4','PrinciplesOthers for Topic 4', '1.0.0','Inactive','15,15,70,40,60,70'),
      ('T005', 'Admin User', '2023-10-04', 'Admin User', '2023-10-04', 'MEDIUM', 'PUBLIC', 'Technical Group B', 'Topic 5', 'Outline for Topic 5', 20, 'Materials for Topic 5', 'PrinciplesTraining for Topic 5','PrinciplesRetest for Topic 5','PrinciplesMarking for Topic 5','PrinciplesCriteria for Topic 5','PrinciplesOthers for Topic 5', '1.0.0','Draft','15,15,70,40,60,70'),
      ('T006', 'Admin User', '2023-10-05', 'Admin User', '2023-10-05', 'LOW', 'PRIVATE', 'Technical Group C', 'Topic 6', 'Outline for Topic 6', 25, 'Materials for Topic 6', 'PrinciplesTraining for Topic 6','PrinciplesRetest for Topic 6','PrinciplesMarking for Topic 6','PrinciplesCriteria for Topic 6','PrinciplesOthers for Topic 6', '1.0.0','Draft','15,15,70,40,60,70'),
      ('T007', 'Admin User', '2023-10-05', 'Admin User', '2023-10-05', 'HIGH', 'PUBLIC', 'Technical Group A', 'Topic 7', 'Outline for Topic 7', 30, 'Materials for Topic 7', 'PrinciplesTraining for Topic 7','PrinciplesRetest for Topic 7','PrinciplesMarking for Topic 7','PrinciplesCriteria for Topic 7','PrinciplesOthers for Topic 7', '1.0.0','Active','15,15,70,40,60,70'),
      ('T008', 'Admin User', '2023-10-06', 'Admin User', '2023-10-06', 'MEDIUM', 'PUBLIC', 'Technical Group B', 'Topic 8', 'Outline for Topic 8', 20, 'Materials for Topic 8', 'PrinciplesTraining for Topic 8','PrinciplesRetest for Topic 8','PrinciplesMarking for Topic 8','PrinciplesCriteria for Topic 8','PrinciplesOthers for Topic 8', '1.0.0','Inactive','15,15,70,40,60,70'),
      ('T009', 'Admin User', '2023-10-06', 'Admin User', '2023-10-06', 'LOW', 'PRIVATE', 'Technical Group C', 'Topic 9', 'Outline for Topic 9', 25, 'Materials for Topic 9', 'PrinciplesTraining for Topic 9','PrinciplesRetest for Topic 9','PrinciplesMarking for Topic 9','PrinciplesCriteria for Topic 9','PrinciplesOthers for Topic 9', '1.0.0','Active','15,15,70,40,60,70'),
      ('T010', 'Admin User', '2023-10-06', 'Admin User', '2023-10-06', 'HIGH', 'PUBLIC', 'Technical Group A', 'Topic 10', 'Outline for Topic 10', 30, 'Materials for Topic 10', 'PrinciplesTraining for Topic 10','PrinciplesRetest for Topic 10','PrinciplesMarking for Topic 10','PrinciplesCriteria for Topic 10','PrinciplesOthers for Topic 10', '1.0.0','Active','15,15,70,40,60,70'),
      ('T011', 'Admin User', '2023-10-10', 'Admin User', '2023-10-10', 'HIGH', 'PUBLIC', 'Technical Group A', 'Topic 11', 'Outline for Topic 11', 30, 'Materials for Topic 11', 'PrinciplesTraining for Topic 11','PrinciplesRetest for Topic 11','PrinciplesMarking for Topic 11','PrinciplesCriteria for Topic 11','PrinciplesOthers for Topic 11', '1.0.0','Active','15,15,70,40,60,70'),
      ('T012', 'Admin User', '2023-10-11', 'Admin User', '2023-10-11', 'MEDIUM', 'PUBLIC', 'Technical Group B', 'Topic 12', 'Outline for Topic 12', 25, 'Materials for Topic 12', 'PrinciplesTraining for Topic 12','PrinciplesRetest for Topic 12','PrinciplesMarking for Topic 12','PrinciplesCriteria for Topic 12','PrinciplesOthers for Topic 12', '1.0.0','Inactive','15,15,70,40,60,70'),
      ('T013', 'Admin User', '2023-10-12', 'Admin User', '2023-10-12', 'LOW', 'PRIVATE', 'Technical Group C', 'Topic 13', 'Outline for Topic 13', 20, 'Materials for Topic 13', 'PrinciplesTraining for Topic 13','PrinciplesRetest for Topic 13','PrinciplesMarking for Topic 13','PrinciplesCriteria for Topic 13','PrinciplesOthers for Topic 13', '1.0.0','Active','15,15,70,40,60,70'),
      ('T014', 'Admin User', '2023-10-13', 'Admin User', '2023-10-13', 'HIGH', 'PUBLIC', 'Technical Group A', 'Topic 14', 'Outline for Topic 14', 30, 'Materials for Topic 14', 'PrinciplesTraining for Topic 14','PrinciplesRetest for Topic 14','PrinciplesMarking for Topic 14','PrinciplesCriteria for Topic 14','PrinciplesOthers for Topic 14', '1.0.0','Inactive','15,15,70,40,60,70'),
      ('T015', 'Admin User', '2023-10-14', 'Admin User', '2023-10-14', 'MEDIUM', 'PUBLIC', 'Technical Group B', 'Topic 15', 'Outline for Topic 15', 25, 'Materials for Topic 15', 'PrinciplesTraining for Topic 15','PrinciplesRetest for Topic 15','PrinciplesMarking for Topic 15','PrinciplesCriteria for Topic 15','PrinciplesOthers for Topic 15', '1.0.0','Draft','15,15,70,40,60,70'),
      ('T016', 'Admin User', '2023-10-15', 'Admin User', '2023-10-15', 'LOW', 'PRIVATE', 'Technical Group C', 'Topic 16', 'Outline for Topic 16', 20, 'Materials for Topic 16', 'PrinciplesTraining for Topic 16','PrinciplesRetest for Topic 16','PrinciplesMarking for Topic 16','PrinciplesCriteria for Topic 16','PrinciplesOthers for Topic 16', '1.0.0','Draft','15,15,70,40,60,70'),
      ('T017', 'Admin User', '2023-10-16', 'Admin User', '2023-10-16', 'HIGH', 'PUBLIC', 'Technical Group A', 'Topic 17', 'Outline for Topic 17', 30, 'Materials for Topic 17', 'PrinciplesTraining for Topic 17','PrinciplesRetest for Topic 17','PrinciplesMarking for Topic  17','PrinciplesCriteria for Topic 17','PrinciplesOthers for Topic 17', '1.0.0','Active','15,15,70,40,60,70'),
      ('T018', 'Admin User', '2023-10-17', 'Admin User', '2023-10-17', 'MEDIUM', 'PUBLIC', 'Technical Group B', 'Topic 18', 'Outline for Topic 18', 25, 'Materials for Topic 18', 'PrinciplesTraining for Topic 18','PrinciplesRetest for Topic 18','PrinciplesMarking for Topic 18','PrinciplesCriteria for Topic 18','PrinciplesOthers for Topic 18', '1.0.0','Inactive','15,15,70,40,60,70'),
      ('T019', 'Admin User', '2023-10-18', 'Admin User', '2023-10-18', 'LOW', 'PRIVATE', 'Technical Group C', 'Topic 19', 'Outline for Topic 19', 20, 'Materials for Topic 19', 'PrinciplesTraining for Topic 19','PrinciplesRetest for Topic 19','PrinciplesMarking for Topic 19','PrinciplesCriteria for Topic 19','PrinciplesOthers for Topic 19', '1.0.0','Active','15,15,70,40,60,70'),
      ('T020', 'Admin User', '2023-10-19', 'Admin User', '2023-10-19', 'HIGH', 'PUBLIC', 'Technical Group A', 'Topic 20', 'Outline for Topic 20', 30, 'Materials for Topic 20', 'PrinciplesTraining for Topic 20','PrinciplesRetest for Topic 20','PrinciplesMarking for Topic 20','PrinciplesCriteria for Topic 20','PrinciplesOthers for Topic 20', '1.0.0','Active','15,15,70,40,60,70'),
      ('T021', 'Admin User', '2023-10-20', 'Admin User', '2023-10-20', 'MEDIUM', 'PUBLIC', 'Technical Group B', 'Topic 21', 'Outline for Topic 21', 25, 'Materials for Topic 21', 'PrinciplesTraining for Topic 21','PrinciplesRetest for Topic 21','PrinciplesMarking for Topic 21','PrinciplesCriteria for Topic 21','PrinciplesOthers for Topic 21', '1.0.0','Draft','15,15,70,40,60,70'),
      ('T022', 'Admin User', '2023-10-21', 'Admin User', '2023-10-21', 'LOW', 'PRIVATE', 'Technical Group C', 'Topic 22', 'Outline for Topic 22', 20, 'Materials for Topic 22', 'PrinciplesTraining for Topic 22','PrinciplesRetest for Topic 22','PrinciplesMarking for Topic 22','PrinciplesCriteria for Topic 22','PrinciplesOthers for Topic 22', '1.0.0','Draft','15,15,70,40,60,70'),
      ('T023', 'Admin User', '2023-10-22', 'Admin User', '2023-10-22', 'HIGH', 'PUBLIC', 'Technical Group A', 'Topic 23', 'Outline for Topic 23', 30, 'Materials for Topic 23', 'PrinciplesTraining for Topic 23','PrinciplesRetest for Topic 23','PrinciplesMarking for Topic 23','PrinciplesCriteria for Topic 23','PrinciplesOthers for Topic 23', '1.0.0','Active','15,15,70,40,60,70'),
      ('T024', 'Admin User', '2023-10-23', 'Admin User', '2023-10-23', 'MEDIUM', 'PUBLIC', 'Technical Group B', 'Topic 24', 'Outline for Topic 24', 25, 'Materials for Topic 24', 'PrinciplesTraining for Topic 24','PrinciplesRetest for Topic 24','PrinciplesMarking for Topic 24','PrinciplesCriteria for Topic 24','PrinciplesOthers for Topic 24', '1.0.0','Inactive','15,15,70,40,60,70'),
      ('T025', 'Admin User', '2023-10-24', 'Admin User', '2023-10-24', 'LOW', 'PRIVATE', 'Technical Group C', 'Topic 25', 'Outline for Topic 25', 20, 'Materials for Topic 25', 'PrinciplesTraining for Topic 25','PrinciplesRetest for Topic 25','PrinciplesMarking for Topic 25','PrinciplesCriteria for Topic 25','PrinciplesOthers for Topic 25', '1.0.0','Active','15,15,70,40,60,70'),
      ('T026', 'Admin User', '2023-10-25', 'Admin User', '2023-10-25', 'HIGH', 'PUBLIC', 'Technical Group A', 'Topic 26', 'Outline for Topic 26', 30, 'Materials for Topic 26', 'PrinciplesTraining for Topic 26','PrinciplesRetest for Topic 26','PrinciplesMarking for Topic 26','PrinciplesCriteria for Topic 26','PrinciplesOthers for Topic 26', '1.0.0','Inactive','15,15,70,40,60,70'),
      ('T027', 'Admin User', '2023-10-26', 'Admin User', '2023-10-26', 'MEDIUM', 'PUBLIC', 'Technical Group B', 'Topic 27', 'Outline for Topic 27', 25, 'Materials for Topic 27', 'PrinciplesTraining for Topic 27','PrinciplesRetest for Topic 27','PrinciplesMarking for Topic 27','PrinciplesCriteria for Topic 27','PrinciplesOthers for Topic 27', '1.0.0','Active','15,15,70,40,60,70'),
      ('T028', 'Admin User', '2023-10-27', 'Admin User', '2023-10-27', 'LOW', 'PRIVATE', 'Technical Group C', 'Topic 28', 'Outline for Topic 28', 20, 'Materials for Topic 28', 'PrinciplesTraining for Topic 28','PrinciplesRetest for Topic 28','PrinciplesMarking for Topic 28','PrinciplesCriteria for Topic 28','PrinciplesOthers for Topic 28', '1.0.0','Draft','15,15,70,40,60,70'),
      ('T029', 'Admin User', '2023-10-28', 'Admin User', '2023-10-28', 'HIGH', 'PUBLIC', 'Technical Group A', 'Topic 29', 'Outline for Topic 29', 30, 'Materials for Topic 29', 'PrinciplesTraining for Topic 29','PrinciplesRetest for Topic 29','PrinciplesMarking for Topic 29','PrinciplesCriteria for Topic 29','PrinciplesOthers for Topic 29', '1.0.0','Active','15,15,70,40,60,70'),
      ('T030', 'Admin User', '2023-10-29', 'Admin User', '2023-10-29', 'MEDIUM', 'PUBLIC', 'Technical Group B', 'Topic 30', 'Outline for Topic 30', 25, 'Materials for Topic 30', 'PrinciplesTraining for Topic 30','PrinciplesRetest for Topic 30','PrinciplesMarking for Topic 30','PrinciplesCriteria for Topic 30','PrinciplesOthers for Topic 30', '1.0.0','Active','15,15,70,40,60,70'),
      ('T031', 'Admin User', '2023-10-30', 'Admin User', '2023-10-30', 'LOW', 'PRIVATE', 'Technical Group C', 'Topic 31', 'Outline for Topic 31', 20, 'Materials for Topic 31', 'PrinciplesTraining for Topic 31','PrinciplesRetest for Topic 31','PrinciplesMarking for Topic 31','PrinciplesCriteria for Topic 31','PrinciplesOthers for Topic 31', '1.0.0','Draft','15,15,70,40,60,70'),
      ('T032', 'Admin User', '2023-10-31', 'Admin User', '2023-10-31', 'HIGH', 'PUBLIC', 'Technical Group A', 'Topic 32', 'Outline for Topic 32', 30, 'Materials for Topic 32', 'PrinciplesTraining for Topic 32','PrinciplesRetest for Topic 32','PrinciplesMarking for Topic 32','PrinciplesCriteria for Topic 32','PrinciplesOthers for Topic 32', '1.0.0','Active','15,15,70,40,60,70'),
      ('T033', 'Admin User', '2023-11-01', 'Admin User', '2023-11-01', 'MEDIUM', 'PUBLIC', 'Technical Group B', 'Topic 33', 'Outline for Topic 33', 25, 'Materials for Topic 33', 'PrinciplesTraining for Topic 33','PrinciplesRetest for Topic 33','PrinciplesMarking for Topic 33','PrinciplesCriteria for Topic 33','PrinciplesOthers for Topic 33', '1.0.0','Inactive','15,15,70,40,60,70'),
      ('T034', 'Admin User', '2023-11-02', 'Admin User', '2023-11-02', 'LOW', 'PRIVATE', 'Technical Group C', 'Topic 34', 'Outline for Topic 34', 20, 'Materials for Topic 34', 'PrinciplesTraining for Topic 34','PrinciplesRetest for Topic 34','PrinciplesMarking for Topic 34','PrinciplesCriteria for Topic 34','PrinciplesOthers for Topic 34', '1.0.0','Active','15,15,70,40,60,70'),
      ('T035', 'Admin User', '2023-11-03', 'Admin User', '2023-11-03', 'HIGH', 'PUBLIC', 'Technical Group A', 'Topic 35', 'Outline for Topic 35', 30, 'Materials for Topic 35', 'PrinciplesTraining for Topic 35','PrinciplesRetest for Topic 35','PrinciplesMarking for Topic 35','PrinciplesCriteria for Topic 35','PrinciplesOthers for Topic 35', '1.0.0','Inactive','15,15,70,40,60,70'),
      ('T036', 'Admin User', '2023-11-04', 'Admin User', '2023-11-04', 'MEDIUM', 'PUBLIC', 'Technical Group B', 'Topic 36', 'Outline for Topic 36', 25, 'Materials for Topic 36', 'PrinciplesTraining for Topic 36','PrinciplesRetest for Topic 36','PrinciplesMarking for Topic 36','PrinciplesCriteria for Topic 36','PrinciplesOthers for Topic 36', '1.0.0','Draft','15,15,70,40,60,70'),
      ('T037', 'Admin User', '2023-11-05', 'Admin User', '2023-11-05', 'LOW', 'PRIVATE', 'Technical Group C', 'Topic 37', 'Outline for Topic 37', 20, 'Materials for Topic 37', 'PrinciplesTraining for Topic 37','PrinciplesRetest for Topic 37','PrinciplesMarking for Topic 37','PrinciplesCriteria for Topic 37','PrinciplesOthers for Topic 37', '1.0.0','Active','15,15,70,40,60,70'),
      ('T038', 'Admin User', '2023-11-06', 'Admin User', '2023-11-06', 'HIGH', 'PUBLIC', 'Technical Group A', 'Topic 38', 'Outline for Topic 38', 30, 'Materials for Topic 38', 'PrinciplesTraining for Topic 38','PrinciplesRetest for Topic 38','PrinciplesMarking for Topic 38','PrinciplesCriteria for Topic 38','PrinciplesOthers for Topic 38', '1.0.0','Inactive','15,15,70,40,60,70'),
      ('T039', 'Admin User', '2023-11-07', 'Admin User', '2023-11-07', 'MEDIUM', 'PUBLIC', 'Technical Group B', 'Topic 39', 'Outline for Topic 39', 25, 'Materials for Topic 39', 'PrinciplesTraining for Topic 39','PrinciplesRetest for Topic 39','PrinciplesMarking for Topic 39','PrinciplesCriteria for Topic 39','PrinciplesOthers for Topic 39', '1.0.0','Active','15,15,70,40,60,70'),
      ('T040', 'Admin User', '2023-11-08', 'Admin User', '2023-11-08', 'LOW', 'PRIVATE', 'Technical Group C', 'Topic 40', 'Outline for Topic 40', 20, 'Materials for Topic 40', 'PrinciplesTraining for Topic 40','PrinciplesRetest for Topic 40','PrinciplesMarking for Topic 40','PrinciplesCriteria for Topic 40','PrinciplesOthers for Topic 40', '1.0.0','Draft','15,15,70,40,60,70'),
      ('T041', 'Admin User', '2023-10-30', 'Admin User', '2023-10-30', 'LOW', 'PRIVATE', 'Technical Group C', 'Topic 41', 'Outline for Topic 41', 20, 'Materials for Topic 41', 'PrinciplesTraining for Topic 41','PrinciplesRetest for Topic 41','PrinciplesMarking for Topic 41','PrinciplesCriteria for Topic 41','PrinciplesOthers for Topic 41', '1.0.0','Draft','15,15,70,40,60,70'),
      ('T042', 'Admin User', '2023-10-31', 'Admin User', '2023-10-31', 'HIGH', 'PUBLIC', 'Technical Group A', 'Topic 42', 'Outline for Topic 42', 30, 'Materials for Topic 42', 'PrinciplesTraining for Topic 42','PrinciplesRetest for Topic 42','PrinciplesMarking for Topic 42','PrinciplesCriteria for Topic 42','PrinciplesOthers for Topic 42', '1.0.0','Active','15,15,70,40,60,70'),
      ('T043', 'Admin User', '2023-11-01', 'Admin User', '2023-11-01', 'MEDIUM', 'PUBLIC', 'Technical Group B', 'Topic 43', 'Outline for Topic 43', 25, 'Materials for Topic 43', 'PrinciplesTraining for Topic 43','PrinciplesRetest for Topic 43','PrinciplesMarking for Topic 43','PrinciplesCriteria for Topic 43','PrinciplesOthers for Topic 43', '1.0.0','Inactive','15,15,70,40,60,70'),
      ('T044', 'Admin User', '2023-11-02', 'Admin User', '2023-11-02', 'LOW', 'PRIVATE', 'Technical Group C', 'Topic 44', 'Outline for Topic 44', 20, 'Materials for Topic 44', 'PrinciplesTraining for Topic 44','PrinciplesRetest for Topic 44','PrinciplesMarking for Topic 44','PrinciplesCriteria for Topic 44','PrinciplesOthers for Topic 44', '1.0.0','Active','15,15,70,40,60,70'),
      ('T045', 'Admin User', '2023-11-03', 'Admin User', '2023-11-03', 'HIGH', 'PUBLIC', 'Technical Group A', 'Topic 45', 'Outline for Topic 45', 30, 'Materials for Topic 45', 'PrinciplesTraining for Topic 45','PrinciplesRetest for Topic 45','PrinciplesMarking for Topic 45','PrinciplesCriteria for Topic 45','PrinciplesOthers for Topic 45', '1.0.0','Inactive','15,15,70,40,60,70'),
      ('T046', 'Admin User', '2023-11-04', 'Admin User', '2023-11-04', 'MEDIUM', 'PUBLIC', 'Technical Group B', 'Topic 46', 'Outline for Topic 46', 25, 'Materials for Topic 46','PrinciplesTraining for Topic 46','PrinciplesRetest for Topic 46','PrinciplesMarking for Topic 46','PrinciplesCriteria for Topic 46','PrinciplesOthers for Topic 46', '1.0.0','Draft','15,15,70,40,60,70'),
      ('T047', 'Admin User', '2023-11-05', 'Admin User', '2023-11-05', 'LOW', 'PRIVATE', 'Technical Group C', 'Topic 47', 'Outline for Topic 47', 20, 'Materials for Topic 47', 'PrinciplesTraining for Topic 47','PrinciplesRetest for Topic 47','PrinciplesMarking for Topic 47','PrinciplesCriteria for Topic 47','PrinciplesOthers for Topic 47', '1.0.0','Active','15,15,70,40,60,70'),
      ('T048', 'Admin User', '2023-11-06', 'Admin User', '2023-11-06', 'HIGH', 'PUBLIC', 'Technical Group A', 'Topic 48', 'Outline for Topic 48', 30, 'Materials for Topic 48', 'PrinciplesTraining for Topic 48','PrinciplesRetest for Topic 48','PrinciplesMarking for Topic 48','PrinciplesCriteria for Topic 48','PrinciplesOthers for Topic 48', '1.0.0','Inactive','15,15,70,40,60,70'),
      ('T049', 'Admin User', '2023-11-07', 'Admin User', '2023-11-07', 'MEDIUM', 'PUBLIC', 'Technical Group B', 'Topic 49', 'Outline for Topic 49', 25, 'Materials for Topic 49', 'PrinciplesTraining for Topic 49','PrinciplesRetest for Topic 49','PrinciplesMarking for Topic 49','PrinciplesCriteria for Topic 49','PrinciplesOthers for Topic 49', '1.0.0','Active','15,15,70,40,60,70'),
      ('T050', 'Admin User', '2023-11-08', 'Admin User', '2023-11-08', 'LOW', 'PRIVATE', 'Technical Group C', 'Topic 50', 'Outline for Topic 50', 20, 'Materials for Topic 50', 'PrinciplesTraining for Topic 50','PrinciplesRetest for Topic 50','PrinciplesMarking for Topic 50','PrinciplesCriteria for Topic 50','PrinciplesOthers for Topic 50', '1.0.0','Draft','15,15,70,40,60,70'),
      ('T051', 'Admin User', '2023-10-30', 'Admin User', '2023-10-30', 'LOW', 'PRIVATE', 'Technical Group C', 'Topic 51', 'Outline for Topic 51', 20, 'Materials for Topic 51', 'PrinciplesTraining for Topic 51','PrinciplesRetest for Topic 51','PrinciplesMarking for Topic 51','PrinciplesCriteria for Topic 51','PrinciplesOthers for Topic 51', '1.0.0','Draft','15,15,70,40,60,70'),
      ('T052', 'Admin User', '2023-10-31', 'Admin User', '2023-10-31', 'HIGH', 'PUBLIC', 'Technical Group A', 'Topic 52', 'Outline for Topic 52', 30, 'Materials for Topic 52', 'PrinciplesTraining for Topic 52','PrinciplesRetest for Topic 52','PrinciplesMarking for Topic 52','PrinciplesCriteria for Topic 52','PrinciplesOthers for Topic 52', '1.0.0','Active','15,15,70,40,60,70'),
      ('T053', 'Admin User', '2023-11-01', 'Admin User', '2023-11-01', 'MEDIUM', 'PUBLIC', 'Technical Group B', 'Topic 53', 'Outline for Topic 53', 25, 'Materials for Topic 53', 'PrinciplesTraining for Topic 53','PrinciplesRetest for Topic 53','PrinciplesMarking for Topic 53','PrinciplesCriteria for Topic 53','PrinciplesOthers for Topic 53', '1.0.0','Inactive','15,15,70,40,60,70'),
      ('T054', 'Admin User', '2023-11-02', 'Admin User', '2023-11-02', 'LOW', 'PRIVATE', 'Technical Group C', 'Topic 54', 'Outline for Topic 54', 20, 'Materials for Topic 54', 'PrinciplesTraining for Topic 54','PrinciplesRetest for Topic 54','PrinciplesMarking for Topic 54','PrinciplesCriteria for Topic 54','PrinciplesOthers for Topic 54', '1.0.0','Active','15,15,70,40,60,70'),
      ('T055', 'Admin User', '2023-11-03', 'Admin User', '2023-11-03', 'HIGH', 'PUBLIC', 'Technical Group A', 'Topic 55', 'Outline for Topic 55', 30, 'Materials for Topic 55', 'PrinciplesTraining for Topic 55','PrinciplesRetest for Topic 55','PrinciplesMarking for Topic 55','PrinciplesCriteria for Topic 55','PrinciplesOthers for Topic 55', '1.0.0','Inactive','15,15,70,40,60,70'),
      ('T056', 'Admin User', '2023-11-04', 'Admin User', '2023-11-04', 'MEDIUM', 'PUBLIC', 'Technical Group B', 'Topic 56', 'Outline for Topic 56', 25, 'Materials for Topic 56','PrinciplesTraining for Topic 56','PrinciplesRetest for Topic 56','PrinciplesMarking for Topic 56','PrinciplesCriteria for Topic 56','PrinciplesOthers for Topic 56', '1.0.0','Draft','15,15,70,40,60,70'),
      ('T057', 'Admin User', '2023-11-05', 'Admin User', '2023-11-05', 'LOW', 'PRIVATE', 'Technical Group C', 'Topic 57', 'Outline for Topic 57', 20, 'Materials for Topic 57', 'PrinciplesTraining for Topic 57','PrinciplesRetest for Topic 57','PrinciplesMarking for Topic 57','PrinciplesCriteria for Topic 57','PrinciplesOthers for Topic 57', '1.0.0','Active','15,15,70,40,60,70'),
      ('T058', 'Admin User', '2023-11-06', 'Admin User', '2023-11-06', 'HIGH', 'PUBLIC', 'Technical Group A', 'Topic 58', 'Outline for Topic 58', 30, 'Materials for Topic 58', 'PrinciplesTraining for Topic 58','PrinciplesRetest for Topic 58','PrinciplesMarking for Topic 58','PrinciplesCriteria for Topic 58','PrinciplesOthers for Topic 58', '1.0.0','Inactive','15,15,70,40,60,70'),
      ('T059', 'Admin User', '2023-11-07', 'Admin User', '2023-11-07', 'MEDIUM', 'PUBLIC', 'Technical Group B', 'Topic 59', 'Outline for Topic 59', 25, 'Materials for Topic 59', 'PrinciplesTraining for Topic 59','PrinciplesRetest for Topic 59','PrinciplesMarking for Topic 59','PrinciplesCriteria for Topic 59','PrinciplesOthers for Topic 59', '1.0.0','Active','15,15,70,40,60,70'),
      ('T060', 'Admin User', '2023-11-08', 'Admin User', '2023-11-08', 'LOW', 'PRIVATE', 'Technical Group C', 'Topic 60', 'Outline for Topic 60', 20, 'Materials for Topic 60', 'PrinciplesTraining for Topic 60','PrinciplesRetest for Topic 60','PrinciplesMarking for Topic 60','PrinciplesCriteria for Topic 60','PrinciplesOthers for Topic 60', '1.0.0','Draft','15,15,70,40,60,70');

INSERT INTO tbl_training_program_syllabus (sequence,
                                           topic_code,
                                           training_program_code)
VALUES ('A01', 'T001', 'TP001'),
       ('A02', 'T002', 'TP001'),
       ('S01', 'T003', 'TP002'),
       ('S02', 'T004', 'TP002'),
       ('K01', 'T005', 'TP003'),
       ('K02', 'T006', 'TP003'),
       ('H01', 'T007', 'TP004'),
       ('H02', 'T008', 'TP004'),
       ('A03', 'T009', 'TP005'),
       ('A04', 'T010', 'TP005'),
       ('A01', 'T011', 'TP006'),
       ('A02', 'T012', 'TP006'),
       ('S01', 'T013', 'TP007'),
       ('S02', 'T014', 'TP007'),
       ('K01', 'T015', 'TP008'),
       ('K02', 'T016', 'TP008'),
       ('H01', 'T017', 'TP009'),
       ('H02', 'T018', 'TP009'),
       ('A03', 'T019', 'TP010'),
       ('A04', 'T020', 'TP010'),
       ('A05', 'T021', 'TP011'),
       ('A06', 'T022', 'TP011'),
       ('S03', 'T023', 'TP012'),
       ('S04', 'T024', 'TP012'),
       ('K03', 'T025', 'TP013'),
       ('K04', 'T026', 'TP013'),
       ('H03', 'T027', 'TP014'),
       ('H04', 'T028', 'TP014'),
       ('A07', 'T029', 'TP015'),
       ('A08', 'T030', 'TP015'),
       ('A09', 'T031', 'TP016'),
       ('A10', 'T032', 'TP016'),
       ('S05', 'T033', 'TP017'),
       ('S06', 'T034', 'TP017'),
       ('K05', 'T035', 'TP018'),
       ('K06', 'T036', 'TP018'),
       ('H05', 'T037', 'TP019'),
       ('H06', 'T038', 'TP019'),
       ('A11', 'T039', 'TP020'),
       ('A12', 'T040', 'TP020'),
       ('A13', 'T041', 'TP021'),
       ('A14', 'T042', 'TP021'),
       ('S07', 'T043', 'TP022'),
       ('S08', 'T044', 'TP022'),
       ('K07', 'T045', 'TP023'),
       ('K08', 'T046', 'TP023'),
       ('H07', 'T047', 'TP024'),
       ('H08', 'T048', 'TP024'),
       ('A15', 'T049', 'TP025'),
       ('A16', 'T050', 'TP025'),
       ('A17', 'T051', 'TP026'),
       ('A18', 'T052', 'TP026'),
       ('S09', 'T053', 'TP027'),
       ('S10', 'T054', 'TP027'),
       ('K09', 'T055', 'TP028'),
       ('K10', 'T056', 'TP028'),
       ('H09', 'T057', 'TP029'),
       ('H10', 'T058', 'TP029'),
       ('A19', 'T059', 'TP030'),
       ('A20', 'T060', 'TP030');

INSERT INTO tbl_class (class_code,
                       class_name,
                       create_by,
                       create_date,
                       duration,
                       end_date,
                       fsu,
                       location,
                       class_time,
                       modified_by,
                       modified_date,
                       start_date,
                       status,
                       training_program_code,
                       attendee_id,
                       time_from,
                       time_to)
VALUES ('FHM-23-01', 'Introduction to Programming', 'Admin User', '2023-10-04', 30, '2023-11-03', 'FHM', 'Room A101',
        'Morning', 'Admin User', '2023-10-04', '2023-10-15', 'Completed', 'TP001', 1, '01:00:00', '02:00:00'),
       ('FHM-23-02', 'Database Management', 'Admin User', '2023-10-04', 45, '2023-11-15', 'FHM', 'Room B202', 'Morning',
        'Admin User', '2023-10-04', '2023-10-20', 'Opening', 'TP002', 2, '01:00:00', '02:00:00'),
       ('FHM-23-03', 'Web Development', 'Admin User', '2023-10-04', 60, '2023-11-30', 'FHM', 'Room C303', 'Noon',
        'Admin User', '2023-10-04', '2023-10-25', 'Scheduled', 'TP003', 3, '01:00:00', '02:00:00'),
       ('FHM-23-04', 'Data Science', 'Admin User', '2023-10-04', 50, '2023-11-25', 'FHM', 'Room D404', 'Noon',
        'Admin User', '2023-10-04', '2023-11-01', 'Planning', 'TP004', 4, '01:00:00', '02:00:00'),
       ('FHM-23-05', 'Machine Learning', 'Admin User', '2023-10-04', 55, '2023-12-10', 'FHM', 'Room E505', 'Night',
        'Admin User', '2023-10-04', '2023-11-05', 'Planning', 'TP005', 5, '01:00:00', '02:00:00'),
       ('FHM-23-06', 'Artificial Intelligence', 'Admin User', '2023-10-04', 45, '2023-11-15', 'FHM', 'Room F606',
        'Night', 'Admin User', '2023-10-04', '2023-11-10', 'Planning', 'TP006', 6, '01:00:00', '02:00:00'),
       ('FHM-23-07', 'Cybersecurity', 'Admin User', '2023-10-04', 40, '2023-11-05', 'FHM', 'Room G707', 'Online',
        'Admin User', '2023-10-04', '2023-11-15', 'Planning', 'TP007', 7, '01:00:00', '02:00:00'),
       ('FHM-23-08', 'Software Engineering', 'Admin User', '2023-10-04', 60, '2023-12-01', 'FHM', 'Room H808', 'Online',
        'Admin User', '2023-10-04', '2023-12-05', 'Planning', 'TP008', 8, '01:00:00', '02:00:00'),
       ('FHM-23-09', 'Mobile App Development', 'Admin User', '2023-10-04', 45, '2023-11-15', 'FHM', 'Room I909',
        'Morning', 'Admin User', '2023-10-04', '2023-11-20', 'Planning', 'TP009', 9, '01:00:00', '02:00:00'),
       ('FHM-23-10', 'Cloud Computing', 'Admin User', '2023-10-04', 50, '2023-11-20', 'FHM', 'Room J1010', 'Morning',
        'Admin User', '2023-10-04', '2023-11-25', 'Scheduled', 'TP010', 10, '01:00:00', '02:00:00'),
       ('FHM-23-11', 'Intro to Programming', 'Admin User', '2023-10-04', 30, '2023-11-03', 'FHM', 'TP.HCM', 'Morning',
        'Admin User', '2023-10-04', '2023-10-15', 'Scheduled', 'TP001', 11, '01:00:00', '02:00:00'),
       ('FHM-23-12', 'Database Management', 'Admin User', '2023-10-04', 45, '2023-11-15', 'FHM', 'Da Nang', 'Morning',
        'Admin User', '2023-10-04', '2023-10-20', 'Scheduled', 'TP002', 12, '01:00:00', '02:00:00'),
       ('FHM-23-13', 'Web Development', 'Admin User', '2023-10-04', 60, '2023-11-30', 'FHM', 'Can Tho', 'Noon',
        'Admin User', '2023-10-04', '2023-10-25', 'Scheduled', 'TP003', 13, '01:00:00', '02:00:00'),
       ('FHM-23-14', 'Data Science', 'Admin User', '2023-10-04', 50, '2023-11-25', 'FHM', 'Ha Noi', 'Noon',
        'Admin User', '2023-10-04', '2023-11-01', 'Completed', 'TP004', 14, '01:00:00', '02:00:00'),
       ('FHM-23-15', 'Machine Learning', 'Admin User', '2023-10-04', 55, '2023-12-10', 'FHM', 'TP.HCM', 'Night',
        'Admin User', '2023-10-04', '2023-11-05', 'Completed', 'TP005', 15, '01:00:00', '02:00:00'),
       ('FHM-23-16', 'AI Fundamentals', 'Admin User', '2023-10-04', 45, '2023-11-15', 'FHM', 'Da Nang', 'Night',
        'Admin User', '2023-10-04', '2023-11-10', 'Completed', 'TP006', 16, '01:00:00', '02:00:00'),
       ('FHM-23-17', 'Cybersecurity Basics', 'Admin User', '2023-10-04', 40, '2023-11-05', 'FHM', 'Can Tho', 'Online',
        'Admin User', '2023-10-04', '2023-11-15', 'Completed', 'TP007', 17, '01:00:00', '02:00:00'),
       ('FHM-23-18', 'Software Engineering', 'Admin User', '2023-10-04', 60, '2023-12-01', 'FHM', 'Ha Noi', 'Online',
        'Admin User', '2023-10-04', '2023-12-05', 'Completed', 'TP008', 18, '01:00:00', '02:00:00'),
       ('FHM-23-19', 'Mobile App Development', 'Admin User', '2023-10-04', 45, '2023-11-15', 'FHM', 'TP.HCM',
        'Morning', 'Admin User', '2023-10-04', '2023-11-20', 'Opening', 'TP009', 19, '01:00:00', '02:00:00'),
       ('FHM-23-20', 'Cloud Computing', 'Admin User', '2023-10-04', 50, '2023-11-20', 'FHM', 'Da Nang', 'Morning',
        'Admin User', '2023-10-04', '2023-11-25', 'Opening', 'TP010', 20, '01:00:00', '02:00:00'),
       ('FHM-23-21', 'Data Analytics', 'Admin User', '2023-10-04', 30, '2023-11-03', 'FHM', 'TP.HCM', 'Morning',
        'Admin User', '2023-10-04', '2023-10-15', 'Opening', 'TP011', 21, '01:00:00', '02:00:00'),
       ('FHM-23-22', 'Database Design', 'Admin User', '2023-10-04', 45, '2023-11-15', 'FHM', 'Da Nang', 'Morning',
        'Admin User', '2023-10-04', '2023-10-20', 'Opening', 'TP012', 22, '01:00:00', '02:00:00'),
       ('FHM-23-23', 'Frontend Development', 'Admin User', '2023-10-04', 60, '2023-11-30', 'FHM', 'Can Tho', 'Noon',
        'Admin User', '2023-10-04', '2023-10-25', 'Opening', 'TP013', 23, '01:00:00', '02:00:00'),
       ('FHM-23-24', 'Backend Development', 'Admin User', '2023-10-04', 50, '2023-11-25', 'FHM', 'Ha Noi', 'Noon',
        'Admin User', '2023-10-04', '2023-11-01', 'Scheduled', 'TP014', 24, '01:00:00', '02:00:00'),
       ('FHM-23-25', 'UI/UX Design', 'Admin User', '2023-10-04', 55, '2023-12-10', 'FHM', 'TP.HCM', 'Night',
        'Admin User', '2023-10-04', '2023-11-05', 'Scheduled', 'TP015', 25, '01:00:00', '02:00:00'),
       ('FHM-23-26', 'Full Stack Development', 'Admin User', '2023-10-04', 45, '2023-11-15', 'FHM', 'Da Nang', 'Night',
        'Admin User', '2023-10-04', '2023-11-10', 'Scheduled', 'TP016', 26, '01:00:00', '02:00:00'),
       ('FHM-23-27', 'Mobile UI Design', 'Admin User', '2023-10-04', 40, '2023-11-05', 'FHM', 'Can Tho', 'Online',
        'Admin User', '2023-10-04', '2023-11-15', 'Scheduled', 'TP017', 27, '01:00:00', '02:00:00'),
       ('FHM-23-28', 'Game Development', 'Admin User', '2023-10-04', 60, '2023-12-01', 'FHM', 'Ha Noi', 'Online',
        'Admin User', '2023-10-04', '2023-12-05', 'Completed', 'TP018', 28, '01:00:00', '02:00:00'),
       ('FHM-23-29', 'Network Security', 'Admin User', '2023-10-04', 45, '2023-11-15', 'FHM', 'TP.HCM', 'Morning',
        'Admin User', '2023-10-04', '2023-11-20', 'Completed', 'TP019', 29, '01:00:00', '02:00:00'),
       ('FHM-23-30', 'Software Testing', 'Admin User', '2023-10-04', 50, '2023-11-20', 'FHM', 'Da Nang', 'Morning',
        'Admin User', '2023-10-04', '2023-11-25', 'Completed', 'TP020', 30, '01:00:00', '02:00:00'),
       ('FHM-23-31', 'Blockchain Development', 'Admin User', '2023-10-04', 30, '2023-11-03', 'FHM', 'TP.HCM',
        'Morning', 'Admin User', '2023-10-04', '2023-10-15', 'Opening', 'TP021', 31, '01:00:00', '02:00:00'),
       ('FHM-23-32', 'Data Warehousing', 'Admin User', '2023-10-04', 45, '2023-11-15', 'FHM', 'Da Nang', 'Morning',
        'Admin User', '2023-10-04', '2023-10-20', 'Opening', 'TP022', 32, '01:00:00', '02:00:00'),
       ('FHM-23-33', 'Cloud Security', 'Admin User', '2023-10-04', 60, '2023-11-30', 'FHM', 'Can Tho', 'Noon',
        'Admin User', '2023-10-04', '2023-10-25', 'Opening', 'TP023', 33, '01:00:00', '02:00:00'),
       ('FHM-23-34', 'IoT Development', 'Admin User', '2023-10-04', 50, '2023-11-25', 'FHM', 'Ha Noi', 'Noon',
        'Admin User', '2023-10-04', '2023-11-01', 'Opening', 'TP024', 34, '01:00:00', '02:00:00'),
       ('FHM-23-35', 'Digital Marketing', 'Admin User', '2023-10-04', 55, '2023-12-10', 'FHM', 'TP.HCM', 'Night',
        'Admin User', '2023-10-04', '2023-11-05', 'Opening', 'TP025', 35, '01:00:00', '02:00:00'),
       ('FHM-23-36', 'UI/UX Development', 'Admin User', '2023-10-04', 45, '2023-11-15', 'FHM', 'Da Nang', 'Night',
        'Admin User', '2023-10-04', '2023-11-10', 'Scheduled', 'TP026', 36, '01:00:00', '02:00:00'),
       ('FHM-23-37', 'Big Data Analytics', 'Admin User', '2023-10-04', 40, '2023-11-05', 'FHM', 'Can Tho', 'Online',
        'Admin User', '2023-10-04', '2023-11-15', 'Scheduled', 'TP027', 37, '01:00:00', '02:00:00'),
       ('FHM-23-38', 'AI for Business', 'Admin User', '2023-10-04', 60, '2023-12-01', 'FHM', 'Ha Noi', 'Online',
        'Admin User', '2023-10-04', '2023-12-05', 'Scheduled', 'TP028', 38, '01:00:00', '02:00:00'),
       ('FHM-23-39', 'Web Security', 'Admin User', '2023-10-04', 45, '2023-11-15', 'FHM', 'TP.HCM', 'Morning',
        'Admin User', '2023-10-04', '2023-11-20', 'Scheduled', 'TP029', 39, '01:00:00', '02:00:00'),
       ('FHM-23-40', 'IT Project Management', 'Admin User', '2023-10-04', 50, '2023-11-20', 'FHM', 'Da Nang',
        'Morning', 'Admin User', '2023-10-04', '2023-11-25', 'Completed', 'TP030', 40, '01:00:00', '02:00:00'),
       ('FHM-23-41', 'Cloud Architecture', 'Admin User', '2023-10-04', 30, '2023-11-03', 'FHM', 'TP.HCM', 'Morning',
        'Admin User', '2023-10-04', '2023-10-15', 'Completed', 'TP031', 41, '01:00:00', '02:00:00'),
       ('FHM-23-42', 'DevOps Fundamentals', 'Admin User', '2023-10-04', 45, '2023-11-15', 'FHM', 'Da Nang', 'Morning',
        'Admin User', '2023-10-04', '2023-10-20', 'Completed', 'TP032', 42, '01:00:00', '02:00:00'),
       ('FHM-23-43', 'Network Administration', 'Admin User', '2023-10-04', 60, '2023-11-30', 'FHM', 'Can Tho', 'Noon',
        'Admin User', '2023-10-04', '2023-10-25', 'Planning', 'TP033', 43, '01:00:00', '02:00:00'),
       ('FHM-23-44', 'Database Security', 'Admin User', '2023-10-04', 50, '2023-11-25', 'FHM', 'Ha Noi', 'Noon',
        'Admin User', '2023-10-04', '2023-11-01', 'Planning', 'TP034', 44, '01:00:00', '02:00:00'),
       ('FHM-23-45', 'Programming in Java', 'Admin User', '2023-10-04', 55, '2023-12-10', 'FHM', 'TP.HCM', 'Night',
        'Admin User', '2023-10-04', '2023-11-05', 'Planning', 'TP035', 45, '01:00:00', '02:00:00'),
       ('FHM-23-46', 'Python for Data Analysis', 'Admin User', '2023-10-04', 45, '2023-11-15', 'FHM', 'Da Nang',
        'Night', 'Admin User', '2023-10-04', '2023-11-10', 'Planning', 'TP036', 46, '01:00:00', '02:00:00'),
       ('FHM-23-47', 'Web Development with React', 'Admin User', '2023-10-04', 40, '2023-11-05', 'FHM', 'Can Tho',
        'Online', 'Admin User', '2023-10-04', '2023-11-15', 'Planning', 'TP037', 47, '01:00:00', '02:00:00'),
       ('FHM-23-48', 'iOS App Development', 'Admin User', '2023-10-04', 60, '2023-12-01', 'FHM', 'Ha Noi', 'Online',
        'Admin User', '2023-10-04', '2023-12-05', 'Planning', 'TP038', 48, '01:00:00', '02:00:00'),
       ('FHM-23-49', 'Android App Development', 'Admin User', '2023-10-04', 45, '2023-11-15', 'FHM', 'TP.HCM',
        'Morning', 'Admin User', '2023-10-04', '2023-11-20', 'Planning', 'TP039', 49, '01:00:00', '02:00:00'),
       ('FHM-23-50', 'Machine Learning with TensorFlow', 'Admin User', '2023-10-04', 50, '2023-11-20', 'FHM',
        'Da Nang', 'Morning', 'Admin User', '2023-10-04', '2023-11-25', 'Planning', 'TP040', 50, '01:00:00',
        '02:00:00');

INSERT INTO tbl_class_user (user_type,
                            class_id,
                            user_id)
VALUES ('ADMIN', 1, 2),
       ('TRAINER', 1, 3),
       ('TRAINER', 1, 4),
       ('ADMIN', 2, 1),
       ('TRAINER', 2, 3),
       ('TRAINER', 2, 5),
       ('ADMIN', 3, 1),
       ('TRAINER', 3, 3),
       ('ADMIN', 3, 7),
       ('ADMIN', 3, 8),
       ('ADMIN', 4, 2),
       ('ADMIN', 4, 5),
       ('ADMIN', 4, 6),
       ('ADMIN', 5, 1),
       ('ADMIN', 5, 3),
       ('ADMIN', 5, 7),
       ('ADMIN', 5, 8),
       ('ADMIN', 6, 2),
       ('ADMIN', 6, 4),
       ('ADMIN', 6, 6),
       ('ADMIN', 6, 9),
       ('ADMIN', 7, 1),
       ('ADMIN', 7, 2),
       ('ADMIN', 7, 4),
       ('ADMIN', 7, 6),
       ('ADMIN', 8, 3),
       ('ADMIN', 8, 5),
       ('ADMIN', 8, 7),
       ('TRAINER', 8, 9),
       ('TRAINER', 9, 1),
       ('TRAINER', 9, 2),
       ('TRAINER', 9, 3),
       ('TRAINER', 9, 4),
       ('TRAINER', 10, 5),
       ('TRAINER', 10, 6),
       ('TRAINER', 10, 7),
       ('TRAINER', 10, 8),
       ('TRAINER', 11, 3),
       ('TRAINER', 11, 4),
       ('TRAINER', 11, 5),
       ('TRAINER', 12, 2),
       ('TRAINER', 12, 6),
       ('TRAINER', 12, 8),
       ('TRAINER', 13, 1),
       ('TRAINER', 13, 3),
       ('TRAINER', 13, 9),
       ('TRAINER', 14, 2),
       ('TRAINER', 14, 4),
       ('TRAINER', 14, 6),
       ('TRAINER', 14, 8),
       ('TRAINER', 15, 1),
       ('TRAINER', 15, 3),
       ('TRAINER', 15, 7),
       ('TRAINER', 15, 9),
       ('ADMIN', 16, 1),
       ('ADMIN', 16, 2),
       ('ADMIN', 16, 3),
       ('ADMIN', 16, 4),
       ('ADMIN', 16, 5),
       ('ADMIN', 16, 6),
       ('ADMIN', 16, 7),
       ('ADMIN', 16, 8),
       ('ADMIN', 16, 9),
       ('ADMIN', 16, 10);


INSERT INTO tbl_learning_objective (code,
                                    description,
                                    name,
                                    type)
VALUES('H4SD', 'Description for H4SD', 'Learning Objective H4SD', 'Type A'),
      ('K1SD', 'Description for K1SD', 'Learning Objective K1SD', 'Type B'),
      ('K5SD', 'Description for K5SD', 'Learning Objective K5SD', 'Type A'),
      ('H3SD', 'Description for H3SD', 'Learning Objective H3SD', 'Type B'),
      ('H9SD', 'Description for H9SD', 'Learning Objective H9SD', 'Type A'),
      ('A5SD', 'Description for A5SD', 'Learning Objective A5SD', 'Type B'),
      ('M6SD', 'Description for M6SD', 'Learning Objective M6SD', 'Type A'),
      ('H7SD', 'Description for H7SD', 'Learning Objective H7SD', 'Type B'),
      ('K3SD', 'Description for K3SD', 'Learning Objective K3SD', 'Type A'),
      ('H6SD', 'Description for H6SD', 'Learning Objective H6SD', 'Type B'),
--      new data
      ('H1SD', 'Description for H1SD', 'Learning Objective H1SD', 'Type A'),
      ('H2SD', 'Description for H2SD', 'Learning Objective H2SD', 'Type B'),
      ('K2SD', 'Description for K2SD', 'Learning Objective K2SD', 'Type A'),
      ('K4SD', 'Description for K4SD', 'Learning Objective K4SD', 'Type C'),
      ('M1SD', 'Description for M1SD', 'Learning Objective M1SD', 'Type C'),
      ('M2SD', 'Description for M2SD', 'Learning Objective M2SD', 'Type B'),
      ('M3SD', 'Description for M3SD', 'Learning Objective M3SD', 'Type C'),
      ('A1SD', 'Description for A1SD', 'Learning Objective A1SD', 'Type B'),
      ('A2SD', 'Description for A2SD', 'Learning Objective A2SD', 'Type C'),
      ('A3SD', 'Description for A3SD', 'Learning Objective A3SD', 'Type C');




INSERT INTO tbl_syllabus_objective (objective_code,
                                    topic_code)
VALUES ('H4SD', 'T001'),
      ('H4SD', 'T002'),
      ('H4SD', 'T003'),
      ('H4SD', 'T004'),
      ('H4SD', 'T005'),
      ('H4SD', 'T006'),
      ('K1SD', 'T007'),
      ('K1SD', 'T008'),
      ('K1SD', 'T009'),
      ('K1SD', 'T010'),
--      new data
      ('K5SD', 'T011'),
      ('K5SD', 'T012'),
      ('K5SD', 'T013'),
      ('H3SD', 'T014'),
      ('H3SD', 'T015'),
      ('H3SD', 'T016'),
      ('H1SD', 'T017'),
      ('H1SD', 'T018'),
      ('A5SD', 'T019'),
      ('A5SD', 'T020'),
    ('A5SD', 'T021'),
    ('M6SD', 'T022'),
    ('M6SD', 'T023'),
    ('M6SD', 'T024'),
    ('H7SD', 'T025'),
    ('H7SD', 'T026'),
    ('H7SD', 'T027'),
    ('H7SD', 'T048'),
    ('K3SD', 'T028'),
    ('K3SD', 'T029'),
    ('K3SD', 'T045'),
    ('H6SD', 'T030'),
    ('H6SD', 'T031'),
    ('H6SD', 'T032'),
    ('H6SD', 'T033'),
    ('H1SD', 'T034'),
    ('H1SD', 'T035'),
    ('H1SD', 'T036'),
    ('H1SD', 'T037'),
    ('H2SD', 'T038'),
    ('H2SD', 'T043'),
    ('H2SD', 'T039'),
    ('K2SD', 'T040'),
    ('K2SD', 'T041'),
    ('K4SD', 'T002'),
    ('K4SD', 'T003'),
    ('K4SD', 'T050'),
    ('A3SD', 'T046'),
    ('A1SD', 'T046'),
    ('A1SD', 'T044'),
    ('M1SD', 'T004'),
    ('M1SD', 'T005'),
    ('M1SD', 'T047'),
    ('M2SD', 'T006'),
    ('M3SD', 'T007'),
    ('M2SD', 'T008'),
    ('M2SD', 'T009'),
    ('M3SD', 'T010'),
    ('M3SD', 'T042'),
 ---more data
    ('K2SD', 'T001'),
    ('M3SD', 'T001'),
    ('A1SD', 'T001'),
    ('A2SD', 'T001'),

    ('M3SD', 'T051'),
    ('M3SD', 'T052'),
    ('M1SD', 'T053'),
    ('K2SD', 'T054'),
    ('A1SD', 'T055'),
    ('M1SD', 'T056'),
    ('M1SD', 'T057'),
    ('M3SD', 'T058'),
    ('K2SD', 'T059'),
    ('M3SD', 'T060');





INSERT INTO tbl_training_unit (
    unit_code,
    day_number,
    topic_code,
    unit_name,
    unit_number
) VALUES
      ('U01', 1, 'T001', 'Unit 1', 1),
      ('U02', 1, 'T002', 'Unit 2', 1),
      ('U03', 1, 'T003', 'Unit 3', 1),
      ('U04', 1, 'T004', 'Unit 4', 1),
      ('U05', 1, 'T005', 'Unit 5', 1),
      ('U06', 1, 'T006', 'Unit 6', 1),
      ('U07', 1, 'T007', 'Unit 7', 1),
      ('U08', 1, 'T008', 'Unit 8', 1),
      ('U09', 1, 'T009', 'Unit 9', 1),
      ('U10', 1, 'T010', 'Unit 10', 1),
--    new data
      ('U11', 1, 'T001', 'Unit 11', 2),
      ('U12', 1, 'T004', 'Unit 12', 2),
      ('U13', 1, 'T006', 'Unit 13', 2),
      ('U14', 1, 'T007', 'Unit 14', 2),
      ('U15', 1, 'T009', 'Unit 15', 2),
      ('U16', 1, 'T010', 'Unit 16', 2),
      ('U17', 1, 'T001', 'Unit 17', 3),
      ('U18', 1, 'T001', 'Unit 18', 4),
      ('U19', 1, 'T003', 'Unit 19', 2),
      ('U20', 2, 'T010', 'Unit 20', 3),
    ('U21', 1, 'T012', 'Unit 21', 1),
    ('U22', 1, 'T032', 'Unit 22', 1),
    ('U23', 1, 'T041', 'Unit 23', 1),
    ('U24', 1, 'T050', 'Unit 24', 1),
    ('U25', 1, 'T046', 'Unit 25', 1),
    ('U26', 1, 'T027', 'Unit 26', 1),
    ('U27', 1, 'T018', 'Unit 27', 1),
    ('U28', 1, 'T039', 'Unit 28', 1),
    ('U29', 1, 'T020', 'Unit 29', 1),
    ('U30', 1, 'T021', 'Unit 30', 1),
    ('U31', 1, 'T042', 'Unit 31', 1),
    ('U32', 1, 'T043', 'Unit 32', 1),
    ('U33', 1, 'T014', 'Unit 33', 1),
    ('U34', 1, 'T025', 'Unit 34', 1),
    ('U35', 1, 'T016', 'Unit 35', 1),
    ('U36', 1, 'T017', 'Unit 36', 1),
    ('U37', 1, 'T018', 'Unit 37', 2),
    ('U38', 1, 'T019', 'Unit 38', 1),
    ('U39', 2, 'T010', 'Unit 39', 4),
    ('U40', 1, 'T031', 'Unit 40', 1),
    ('U41', 1, 'T022', 'Unit 41', 1),
    ('U42', 1, 'T043', 'Unit 42', 2),
    ('U43', 1, 'T044', 'Unit 43', 1),
    ('U44', 1, 'T045', 'Unit 44', 1),
    ('U45', 1, 'T046', 'Unit 45', 2),
    ('U46', 1, 'T047', 'Unit 46', 1),
    ('U47', 1, 'T048', 'Unit 47', 1),
    ('U48', 1, 'T029', 'Unit 48', 1),
    ('U49', 1, 'T030', 'Unit 49', 1),
    ('U50', 1, 'T021', 'Unit 50', 2),

    ('U51', 1, 'T051', 'Unit 51', 2),
    ('U52', 1, 'T052', 'Unit 52', 1),
    ('U53', 1, 'T053', 'Unit 53', 1),
    ('U54', 1, 'T054', 'Unit 54', 1),
    ('U55', 1, 'T055', 'Unit 55', 1),
    ('U56', 1, 'T056', 'Unit 56', 1),
    ('U57', 1, 'T057', 'Unit 57', 1),
    ('U58', 1, 'T058', 'Unit 58', 1),
    ('U59', 1, 'T059', 'Unit 59', 1),
    ('U60', 1, 'T060', 'Unit 60', 1);


INSERT INTO tbl_training_content (content,
                                  delivery_type,
                                  duration,
                                  note,
                                  training_format,
                                  learning_objective_code,
                                  unit_code)
VALUES('Content for Unit 1', 'ASSIGNMENT_LAB', 60, 'Note for Unit 1', 'ONLINE', 'H4SD', 'U01'),
      ('Content for Unit 2', 'CONCEPT_LECTURE', 45, 'Note for Unit 2', 'OFFLINE', 'H4SD', 'U02'),
      ('Content for Unit 3', 'GUIDES_REVIEW', 50, 'Note for Unit 3', 'ONLINE', 'H4SD', 'U03'),
      ('Content for Unit 4', 'TEST_QUIZ', 40, 'Note for Unit 4', 'OFFLINE', 'H4SD', 'U04'),
      ('Content for Unit 5', 'EXAM', 55, 'Note for Unit 5', 'ONLINE', 'H4SD', 'U05'),
      ('Content for Unit 6', 'SEMINAR_WORKSHOP', 60, 'Note for Unit 6', 'OFFLINE',  'H4SD', 'U06'),
      ('Content for Unit 7', 'ASSIGNMENT_LAB', 45, 'Note for Unit 7', 'ONLINE', 'K1SD', '07'),
      ('Content for Unit 8', 'TEST_QUIZ', 50, 'Note for Unit 8', 'OFFLINE', 'K1SD', 'U08'),
      ('Content for Unit 9', 'TEST_QUIZ', 60, 'Note for Unit 9', 'ONLINE', 'K1SD', 'U09'),
      ('Content for Unit 10', 'CONCEPT_LECTURE', 70, 'Note for Unit 10', 'OFFLINE', 'K1SD', 'U10'),
--    new data
      ('Content for Unit 11', 'SEMINAR_WORKSHOP', 90, 'Note for Unit 11', 'ONLINE', 'M3SD', 'U11'),
      ('Content for Unit 12', 'ASSIGNMENT_LAB', 60, 'Note for Unit 12', 'ONLINE', 'M1SD', 'U12'),
      ('Content for Unit 13', 'GUIDES_REVIEW', 70, 'Note for Unit 13', 'ONLINE', 'M2SD', 'U13'),
      ('Content for Unit 14', 'ASSIGNMENT_LAB', 30, 'Note for Unit 14', 'OFFLINE', 'M2SD', 'U14'),
      ('Content for Unit 15', 'EXAM', 60, 'Note for Unit 15', 'OFFLINE', 'M2SD', 'U15'),
      ('Content for Unit 16', 'SEMINAR_WORKSHOP', 60, 'Note for Unit 16', 'ONLINE', 'K1SD', 'U16'),
      ('Content for Unit 17', 'GUIDES_REVIEW', 90, 'Note for Unit 17', 'OFFLINE',  'A2SD', 'U17'),
      ('Content for Unit 18', 'CONCEPT_LECTURE', 50, 'Note for Unit 18', 'OFFLINE', 'K2SD', 'U18'),
      ('Content for Unit 19', 'TSEMINAR_WORKSHOP', 40, 'Note for Unit 19', 'ONLINE', 'K4SD', 'U19'),
      ('Content for Unit 20', 'CONCEPT_LECTURE', 35, 'Note for Unit 20', 'OFFLINE', 'M3SD', 'U20'),
    ('Content for Unit 21', 'ASSIGNMENT_LAB', 60, 'Note for Unit 21', 'ONLINE', 'K5SD', 'U21'),
    ('Content for Unit 22', 'CONCEPT_LECTURE', 45, 'Note for Unit 22', 'OFFLINE','H6SD', 'U22'),
    ('Content for Unit 23', 'GUIDES_REVIEW', 50, 'Note for Unit 23', 'ONLINE', 'K2SD', 'U23'),
    ('Content for Unit 24', 'TEST_QUIZ', 40, 'Note for Unit 24', 'OFFLINE', 'K4SD', 'U24'),
    ('Content for Unit 25', 'EXAM', 55, 'Note for Unit 25', 'ONLINE','A3SD', 'U25'),
    ('Content for Unit 26', 'SEMINAR_WORKSHOP', 60, 'Note for Unit 26', 'OFFLINE','H7SD', 'U26'),
    ('Content for Unit 27', 'ASSIGNMENT_LAB', 45, 'Note for Unit 27', 'ONLINE', 'H1SD', 'U27'),
    ('Content for Unit 28', 'TEST_QUIZ', 50, 'Note for Unit 28', 'OFFLINE','H2SD', 'U28'),
    ('Content for Unit 29', 'TEST_QUIZ', 60, 'Note for Unit 29', 'ONLINE', 'A5SD', 'U29'),
    ('Content for Unit 30', 'CONCEPT_LECTURE', 70, 'Note for Unit 30', 'OFFLINE', 'A5SD', 'U30'),
    ('Content for Unit 31', 'ASSIGNMENT_LAB', 90, 'Note for Unit 31', 'ONLINE','M3SD', 'U31'),
    ('Content for Unit 32', 'ASSIGNMENT_LAB', 60, 'Note for Unit 32', 'ONLINE','H2SD', 'U32'),
    ('Content for Unit 33', 'GUIDES_REVIEW', 70, 'Note for Unit 33', 'ONLINE', 'H3SD', 'U33'),
    ('Content for Unit 34', 'ASSIGNMENT_LAB', 30, 'Note for Unit 34', 'OFFLINE','H7SD', 'U34'),
    ('Content for Unit 35', 'EXAM', 60, 'Note for Unit 35', 'OFFLINE', 'H3SD', 'U35'),
    ('Content for Unit 36', 'SEMINAR_WORKSHOP', 60, 'Note for Unit 36', 'ONLINE',  'H1SD', 'U36'),
    ('Content for Unit 37', 'ASSIGNMENT_LAB', 90, 'Note for Unit 37', 'OFFLINE',  'H1SD', 'U37'),
    ('Content for Unit 38', 'ASSIGNMENT_LAB', 50, 'Note for Unit 38', 'OFFLINE', 'A5SD', 'U38'),
    ('Content for Unit 39', 'TSEMINAR_WORKSHOP', 40, 'Note for Unit 39', 'ONLINE', 'M3SD', 'U39'),
    ('Content for Unit 40', 'CONCEPT_LECTURE', 35, 'Note for Unit 40', 'OFFLINE', 'H6SD', 'U40'),
    ('Content for Unit 41', 'ASSIGNMENT_LAB', 60, 'Note for Unit 41', 'ONLINE', 'M6SD', 'U41'),
    ('Content for Unit 42', 'CONCEPT_LECTURE', 45, 'Note for Unit 42', 'OFFLINE', 'H2SD', 'U42'),
    ('Content for Unit 43', 'GUIDES_REVIEW', 50, 'Note for Unit 43', 'ONLINE', 'A1SD', 'U43'),
    ('Content for Unit 44', 'TEST_QUIZ', 40, 'Note for Unit 44', 'OFFLINE', 'K3SD', 'U44'),
    ('Content for Unit 45', 'EXAM', 55, 'Note for Unit 45', 'ONLINE', 'A1SD', 'U45'),
    ('Content for Unit 46', 'SEMINAR_WORKSHOP', 60, 'Note for Unit 46', 'OFFLINE','M1SD', 'U46'),
    ('Content for Unit 47', 'ASSIGNMENT_LAB', 45, 'Note for Unit 47', 'ONLINE', 'H7SD', 'U47'),
    ('Content for Unit 48', 'TEST_QUIZ', 50, 'Note for Unit 48', 'OFFLINE', 'K3SD', 'U48'),
    ('Content for Unit 49', 'TEST_QUIZ', 60, 'Note for Unit 49', 'ONLINE', 'H6SD', 'U49'),
    ('Content for Unit 50', 'CONCEPT_LECTURE', 70, 'Note for Unit 50', 'OFFLINE', 'A5SD', 'U50'),

       ('Content for Unit 51', 'CONCEPT/LECTURE', 70, 'Note for Unit 51', 'OFFLINE', 'M3SD', 'U51'),
       ('Content for Unit 52', 'CONCEPT/LECTURE', 45, 'Note for Unit 42', 'OFFLINE', 'M3SD', 'U52'),
       ('Content for Unit 53', 'GUIDES/REVIEW', 50, 'Note for Unit 43', 'ONLINE', 'M1SD', 'U53'),
       ('Content for Unit 54', 'TEST/QUIZ', 40, 'Note for Unit 44', 'OFFLINE', 'K2SD', 'U54'),
       ('Content for Unit 55', 'EXAM', 55, 'Note for Unit 45', 'ONLINE', 'A1SD', 'U55'),
       ('Content for Unit 56', 'SEMINAR/WORKSHOP', 60, 'Note for Unit 46', 'OFFLINE', 'M1SD', 'U56'),
       ('Content for Unit 57', 'ASSIGNMENT/LAB', 45, 'Note for Unit 47', 'ONLINE', 'M1SD', 'U57'),
       ('Content for Unit 58', 'TEST/QUIZ', 50, 'Note for Unit 48', 'OFFLINE', 'M3SD', 'U58'),
       ('Content for Unit 59', 'TEST/QUIZ', 60, 'Note for Unit 49', 'ONLINE', 'K2SD', 'U59'),
       ('Content for Unit 60', 'TEST/QUIZ', 60, 'Note for Unit 49', 'ONLINE', 'M3SD', 'U60');

INSERT INTO tbl_material_data(name,
                              create_date,
                              training_content_id,
                              create_by)
VALUES ('File 1','2023-10-04',1,'Admin'),
       ('File 2','2023-10-04',2,'Admin'),
       ('File 3','2023-10-04',3,'Admin'),
       ('File 4','2023-10-04',4,'Admin'),
       ('File 5','2023-10-04',5,'Admin'),
       ('File 6','2023-10-04',6,'Admin'),
       ('File 7','2023-10-04',7,'Admin'),
       ('File 8','2023-10-04',8,'Admin'),
       ('File 9','2023-10-04',9,'Admin'),
       ('File 10','2023-10-04',10,'Admin');
